"uu","vv"
-0.865,-0.24
-0.865,-0.22
-0.865,-0.2
-0.865,-0.18
-0.865,-0.16
-0.865,-0.14
-0.865,-0.12
-0.865,-0.1
-0.865,-0.08
-0.865,-0.0599999999999999
-0.865,-0.04
-0.865,-0.02
-0.865,0
-0.865,0.02
-0.865,0.04
-0.865,0.06
-0.865,0.0800000000000001
-0.865,0.1
-0.865,0.12
-0.865,0.14
-0.865,0.16
-0.865,0.18
-0.865,0.2
-0.865,0.22
-0.865,0.24
-0.82,-0.36
-0.82,-0.34
-0.82,-0.32
-0.82,-0.3
-0.82,-0.28
-0.82,-0.26
-0.82,-0.24
-0.82,-0.22
-0.82,-0.2
-0.82,-0.18
-0.82,-0.16
-0.82,-0.14
-0.82,-0.12
-0.82,-0.1
-0.82,-0.08
-0.82,-0.0599999999999999
-0.82,-0.04
-0.82,-0.02
-0.82,0
-0.82,0.02
-0.82,0.04
-0.82,0.06
-0.82,0.0800000000000001
-0.82,0.1
-0.82,0.12
-0.82,0.14
-0.82,0.16
-0.82,0.18
-0.82,0.2
-0.82,0.22
-0.82,0.24
-0.82,0.26
-0.82,0.28
-0.82,0.3
-0.82,0.32
-0.82,0.34
-0.82,0.36
-0.775,-0.44
-0.775,-0.42
-0.775,-0.4
-0.775,-0.38
-0.775,-0.36
-0.775,-0.34
-0.775,-0.32
-0.775,-0.3
-0.775,-0.28
-0.775,-0.26
-0.775,-0.24
-0.775,-0.22
-0.775,-0.2
-0.775,-0.18
-0.775,-0.16
-0.775,-0.14
-0.775,-0.12
-0.775,-0.1
-0.775,-0.08
-0.775,-0.0599999999999999
-0.775,-0.04
-0.775,-0.02
-0.775,0
-0.775,0.02
-0.775,0.04
-0.775,0.06
-0.775,0.0800000000000001
-0.775,0.1
-0.775,0.12
-0.775,0.14
-0.775,0.16
-0.775,0.18
-0.775,0.2
-0.775,0.22
-0.775,0.24
-0.775,0.26
-0.775,0.28
-0.775,0.3
-0.775,0.32
-0.775,0.34
-0.775,0.36
-0.775,0.38
-0.775,0.4
-0.775,0.42
-0.775,0.44
-0.73,-0.52
-0.73,-0.5
-0.73,-0.48
-0.73,-0.46
-0.73,-0.44
-0.73,-0.42
-0.73,-0.4
-0.73,-0.38
-0.73,-0.36
-0.73,-0.34
-0.73,-0.32
-0.73,-0.3
-0.73,-0.28
-0.73,-0.26
-0.73,-0.24
-0.73,-0.22
-0.73,-0.2
-0.73,-0.18
-0.73,-0.16
-0.73,-0.14
-0.73,-0.12
-0.73,-0.1
-0.73,-0.08
-0.73,-0.0599999999999999
-0.73,-0.04
-0.73,-0.02
-0.73,0
-0.73,0.02
-0.73,0.04
-0.73,0.06
-0.73,0.0800000000000001
-0.73,0.1
-0.73,0.12
-0.73,0.14
-0.73,0.16
-0.73,0.18
-0.73,0.2
-0.73,0.22
-0.73,0.24
-0.73,0.26
-0.73,0.28
-0.73,0.3
-0.73,0.32
-0.73,0.34
-0.73,0.36
-0.73,0.38
-0.73,0.4
-0.73,0.42
-0.73,0.44
-0.73,0.46
-0.73,0.48
-0.73,0.5
-0.73,0.52
-0.685,-0.58
-0.685,-0.56
-0.685,-0.54
-0.685,-0.52
-0.685,-0.5
-0.685,-0.48
-0.685,-0.46
-0.685,-0.44
-0.685,-0.42
-0.685,-0.4
-0.685,-0.38
-0.685,-0.36
-0.685,-0.34
-0.685,-0.32
-0.685,-0.3
-0.685,-0.28
-0.685,-0.26
-0.685,-0.24
-0.685,-0.22
-0.685,-0.2
-0.685,-0.18
-0.685,-0.16
-0.685,-0.14
-0.685,-0.12
-0.685,-0.1
-0.685,-0.08
-0.685,-0.0599999999999999
-0.685,-0.04
-0.685,-0.02
-0.685,0
-0.685,0.02
-0.685,0.04
-0.685,0.06
-0.685,0.0800000000000001
-0.685,0.1
-0.685,0.12
-0.685,0.14
-0.685,0.16
-0.685,0.18
-0.685,0.2
-0.685,0.22
-0.685,0.24
-0.685,0.26
-0.685,0.28
-0.685,0.3
-0.685,0.32
-0.685,0.34
-0.685,0.36
-0.685,0.38
-0.685,0.4
-0.685,0.42
-0.685,0.44
-0.685,0.46
-0.685,0.48
-0.685,0.5
-0.685,0.52
-0.685,0.54
-0.685,0.56
-0.685,0.58
-0.64,-0.62
-0.64,-0.6
-0.64,-0.58
-0.64,-0.56
-0.64,-0.54
-0.64,-0.52
-0.64,-0.5
-0.64,-0.48
-0.64,-0.46
-0.64,-0.44
-0.64,-0.42
-0.64,-0.4
-0.64,-0.38
-0.64,-0.36
-0.64,-0.34
-0.64,-0.32
-0.64,-0.3
-0.64,-0.28
-0.64,-0.26
-0.64,-0.24
-0.64,-0.22
-0.64,-0.2
-0.64,-0.18
-0.64,-0.16
-0.64,-0.14
-0.64,-0.12
-0.64,-0.1
-0.64,-0.08
-0.64,-0.0599999999999999
-0.64,-0.04
-0.64,-0.02
-0.64,0
-0.64,0.02
-0.64,0.04
-0.64,0.06
-0.64,0.0800000000000001
-0.64,0.1
-0.64,0.12
-0.64,0.14
-0.64,0.16
-0.64,0.18
-0.64,0.2
-0.64,0.22
-0.64,0.24
-0.64,0.26
-0.64,0.28
-0.64,0.3
-0.64,0.32
-0.64,0.34
-0.64,0.36
-0.64,0.38
-0.64,0.4
-0.64,0.42
-0.64,0.44
-0.64,0.46
-0.64,0.48
-0.64,0.5
-0.64,0.52
-0.64,0.54
-0.64,0.56
-0.64,0.58
-0.64,0.6
-0.64,0.62
-0.595,-0.66
-0.595,-0.64
-0.595,-0.62
-0.595,-0.6
-0.595,-0.58
-0.595,-0.56
-0.595,-0.54
-0.595,-0.52
-0.595,-0.5
-0.595,-0.48
-0.595,-0.46
-0.595,-0.44
-0.595,-0.42
-0.595,-0.4
-0.595,-0.38
-0.595,-0.36
-0.595,-0.34
-0.595,-0.32
-0.595,-0.3
-0.595,-0.28
-0.595,-0.26
-0.595,-0.24
-0.595,-0.22
-0.595,-0.2
-0.595,-0.18
-0.595,-0.16
-0.595,-0.14
-0.595,-0.12
-0.595,-0.1
-0.595,-0.08
-0.595,-0.0599999999999999
-0.595,-0.04
-0.595,-0.02
-0.595,0
-0.595,0.02
-0.595,0.04
-0.595,0.06
-0.595,0.0800000000000001
-0.595,0.1
-0.595,0.12
-0.595,0.14
-0.595,0.16
-0.595,0.18
-0.595,0.2
-0.595,0.22
-0.595,0.24
-0.595,0.26
-0.595,0.28
-0.595,0.3
-0.595,0.32
-0.595,0.34
-0.595,0.36
-0.595,0.38
-0.595,0.4
-0.595,0.42
-0.595,0.44
-0.595,0.46
-0.595,0.48
-0.595,0.5
-0.595,0.52
-0.595,0.54
-0.595,0.56
-0.595,0.58
-0.595,0.6
-0.595,0.62
-0.595,0.64
-0.595,0.66
-0.55,-0.7
-0.55,-0.68
-0.55,-0.66
-0.55,-0.64
-0.55,-0.62
-0.55,-0.6
-0.55,-0.58
-0.55,-0.56
-0.55,-0.54
-0.55,-0.52
-0.55,-0.5
-0.55,-0.48
-0.55,-0.46
-0.55,-0.44
-0.55,-0.42
-0.55,-0.4
-0.55,-0.38
-0.55,-0.36
-0.55,-0.34
-0.55,-0.32
-0.55,-0.3
-0.55,-0.28
-0.55,-0.26
-0.55,-0.24
-0.55,-0.22
-0.55,-0.2
-0.55,-0.18
-0.55,-0.16
-0.55,-0.14
-0.55,-0.12
-0.55,-0.1
-0.55,-0.08
-0.55,-0.0599999999999999
-0.55,-0.04
-0.55,-0.02
-0.55,0
-0.55,0.02
-0.55,0.04
-0.55,0.06
-0.55,0.0800000000000001
-0.55,0.1
-0.55,0.12
-0.55,0.14
-0.55,0.16
-0.55,0.18
-0.55,0.2
-0.55,0.22
-0.55,0.24
-0.55,0.26
-0.55,0.28
-0.55,0.3
-0.55,0.32
-0.55,0.34
-0.55,0.36
-0.55,0.38
-0.55,0.4
-0.55,0.42
-0.55,0.44
-0.55,0.46
-0.55,0.48
-0.55,0.5
-0.55,0.52
-0.55,0.54
-0.55,0.56
-0.55,0.58
-0.55,0.6
-0.55,0.62
-0.55,0.64
-0.55,0.66
-0.55,0.68
-0.55,0.7
-0.505,-0.74
-0.505,-0.72
-0.505,-0.7
-0.505,-0.68
-0.505,-0.66
-0.505,-0.64
-0.505,-0.62
-0.505,-0.6
-0.505,-0.58
-0.505,-0.56
-0.505,-0.54
-0.505,-0.52
-0.505,-0.5
-0.505,-0.48
-0.505,-0.46
-0.505,-0.44
-0.505,-0.42
-0.505,-0.4
-0.505,-0.38
-0.505,-0.36
-0.505,-0.34
-0.505,-0.32
-0.505,-0.3
-0.505,-0.28
-0.505,-0.26
-0.505,-0.24
-0.505,-0.22
-0.505,-0.2
-0.505,-0.18
-0.505,-0.16
-0.505,-0.14
-0.505,-0.12
-0.505,-0.1
-0.505,-0.08
-0.505,-0.0599999999999999
-0.505,-0.04
-0.505,-0.02
-0.505,0
-0.505,0.02
-0.505,0.04
-0.505,0.06
-0.505,0.0800000000000001
-0.505,0.1
-0.505,0.12
-0.505,0.14
-0.505,0.16
-0.505,0.18
-0.505,0.2
-0.505,0.22
-0.505,0.24
-0.505,0.26
-0.505,0.28
-0.505,0.3
-0.505,0.32
-0.505,0.34
-0.505,0.36
-0.505,0.38
-0.505,0.4
-0.505,0.42
-0.505,0.44
-0.505,0.46
-0.505,0.48
-0.505,0.5
-0.505,0.52
-0.505,0.54
-0.505,0.56
-0.505,0.58
-0.505,0.6
-0.505,0.62
-0.505,0.64
-0.505,0.66
-0.505,0.68
-0.505,0.7
-0.505,0.72
-0.505,0.74
-0.46,-0.76
-0.46,-0.74
-0.46,-0.72
-0.46,-0.7
-0.46,-0.68
-0.46,-0.66
-0.46,-0.64
-0.46,-0.62
-0.46,-0.6
-0.46,-0.58
-0.46,-0.56
-0.46,-0.54
-0.46,-0.52
-0.46,-0.5
-0.46,-0.48
-0.46,-0.46
-0.46,-0.44
-0.46,-0.42
-0.46,-0.4
-0.46,-0.38
-0.46,-0.36
-0.46,-0.34
-0.46,-0.32
-0.46,-0.3
-0.46,-0.28
-0.46,-0.26
-0.46,-0.24
-0.46,-0.22
-0.46,-0.2
-0.46,-0.18
-0.46,-0.16
-0.46,-0.14
-0.46,-0.12
-0.46,-0.1
-0.46,-0.08
-0.46,-0.0599999999999999
-0.46,-0.04
-0.46,-0.02
-0.46,0
-0.46,0.02
-0.46,0.04
-0.46,0.06
-0.46,0.0800000000000001
-0.46,0.1
-0.46,0.12
-0.46,0.14
-0.46,0.16
-0.46,0.18
-0.46,0.2
-0.46,0.22
-0.46,0.24
-0.46,0.26
-0.46,0.28
-0.46,0.3
-0.46,0.32
-0.46,0.34
-0.46,0.36
-0.46,0.38
-0.46,0.4
-0.46,0.42
-0.46,0.44
-0.46,0.46
-0.46,0.48
-0.46,0.5
-0.46,0.52
-0.46,0.54
-0.46,0.56
-0.46,0.58
-0.46,0.6
-0.46,0.62
-0.46,0.64
-0.46,0.66
-0.46,0.68
-0.46,0.7
-0.46,0.72
-0.46,0.74
-0.46,0.76
-0.415,-0.78
-0.415,-0.76
-0.415,-0.74
-0.415,-0.72
-0.415,-0.7
-0.415,-0.68
-0.415,-0.66
-0.415,-0.64
-0.415,-0.62
-0.415,-0.6
-0.415,-0.58
-0.415,-0.56
-0.415,-0.54
-0.415,-0.52
-0.415,-0.5
-0.415,-0.48
-0.415,-0.46
-0.415,-0.44
-0.415,-0.42
-0.415,-0.4
-0.415,-0.38
-0.415,-0.36
-0.415,-0.34
-0.415,-0.32
-0.415,-0.3
-0.415,-0.28
-0.415,-0.26
-0.415,-0.24
-0.415,-0.22
-0.415,-0.2
-0.415,-0.18
-0.415,-0.16
-0.415,-0.14
-0.415,-0.12
-0.415,-0.1
-0.415,-0.08
-0.415,-0.0599999999999999
-0.415,-0.04
-0.415,-0.02
-0.415,0
-0.415,0.02
-0.415,0.04
-0.415,0.06
-0.415,0.0800000000000001
-0.415,0.1
-0.415,0.12
-0.415,0.14
-0.415,0.16
-0.415,0.18
-0.415,0.2
-0.415,0.22
-0.415,0.24
-0.415,0.26
-0.415,0.28
-0.415,0.3
-0.415,0.32
-0.415,0.34
-0.415,0.36
-0.415,0.38
-0.415,0.4
-0.415,0.42
-0.415,0.44
-0.415,0.46
-0.415,0.48
-0.415,0.5
-0.415,0.52
-0.415,0.54
-0.415,0.56
-0.415,0.58
-0.415,0.6
-0.415,0.62
-0.415,0.64
-0.415,0.66
-0.415,0.68
-0.415,0.7
-0.415,0.72
-0.415,0.74
-0.415,0.76
-0.415,0.78
-0.37,-0.82
-0.37,-0.8
-0.37,-0.78
-0.37,-0.76
-0.37,-0.74
-0.37,-0.72
-0.37,-0.7
-0.37,-0.68
-0.37,-0.66
-0.37,-0.64
-0.37,-0.62
-0.37,-0.6
-0.37,-0.58
-0.37,-0.56
-0.37,-0.54
-0.37,-0.52
-0.37,-0.5
-0.37,-0.48
-0.37,-0.46
-0.37,-0.44
-0.37,-0.42
-0.37,-0.4
-0.37,-0.38
-0.37,-0.36
-0.37,-0.34
-0.37,-0.32
-0.37,-0.3
-0.37,-0.28
-0.37,-0.26
-0.37,-0.24
-0.37,-0.22
-0.37,-0.2
-0.37,-0.18
-0.37,-0.16
-0.37,-0.14
-0.37,-0.12
-0.37,-0.1
-0.37,-0.08
-0.37,-0.0599999999999999
-0.37,-0.04
-0.37,-0.02
-0.37,0
-0.37,0.02
-0.37,0.04
-0.37,0.06
-0.37,0.0800000000000001
-0.37,0.1
-0.37,0.12
-0.37,0.14
-0.37,0.16
-0.37,0.18
-0.37,0.2
-0.37,0.22
-0.37,0.24
-0.37,0.26
-0.37,0.28
-0.37,0.3
-0.37,0.32
-0.37,0.34
-0.37,0.36
-0.37,0.38
-0.37,0.4
-0.37,0.42
-0.37,0.44
-0.37,0.46
-0.37,0.48
-0.37,0.5
-0.37,0.52
-0.37,0.54
-0.37,0.56
-0.37,0.58
-0.37,0.6
-0.37,0.62
-0.37,0.64
-0.37,0.66
-0.37,0.68
-0.37,0.7
-0.37,0.72
-0.37,0.74
-0.37,0.76
-0.37,0.78
-0.37,0.8
-0.37,0.82
-0.325,-0.82
-0.325,-0.8
-0.325,-0.78
-0.325,-0.76
-0.325,-0.74
-0.325,-0.72
-0.325,-0.7
-0.325,-0.68
-0.325,-0.66
-0.325,-0.64
-0.325,-0.62
-0.325,-0.6
-0.325,-0.58
-0.325,-0.56
-0.325,-0.54
-0.325,-0.52
-0.325,-0.5
-0.325,-0.48
-0.325,-0.46
-0.325,-0.44
-0.325,-0.42
-0.325,-0.4
-0.325,-0.38
-0.325,-0.36
-0.325,-0.34
-0.325,-0.32
-0.325,-0.3
-0.325,-0.28
-0.325,-0.26
-0.325,-0.24
-0.325,-0.22
-0.325,-0.2
-0.325,-0.18
-0.325,-0.16
-0.325,-0.14
-0.325,-0.12
-0.325,-0.1
-0.325,-0.08
-0.325,-0.0599999999999999
-0.325,-0.04
-0.325,-0.02
-0.325,0
-0.325,0.02
-0.325,0.04
-0.325,0.06
-0.325,0.0800000000000001
-0.325,0.1
-0.325,0.12
-0.325,0.14
-0.325,0.16
-0.325,0.18
-0.325,0.2
-0.325,0.22
-0.325,0.24
-0.325,0.26
-0.325,0.28
-0.325,0.3
-0.325,0.32
-0.325,0.34
-0.325,0.36
-0.325,0.38
-0.325,0.4
-0.325,0.42
-0.325,0.44
-0.325,0.46
-0.325,0.48
-0.325,0.5
-0.325,0.52
-0.325,0.54
-0.325,0.56
-0.325,0.58
-0.325,0.6
-0.325,0.62
-0.325,0.64
-0.325,0.66
-0.325,0.68
-0.325,0.7
-0.325,0.72
-0.325,0.74
-0.325,0.76
-0.325,0.78
-0.325,0.8
-0.325,0.82
-0.28,-0.84
-0.28,-0.82
-0.28,-0.8
-0.28,-0.78
-0.28,-0.76
-0.28,-0.74
-0.28,-0.72
-0.28,-0.7
-0.28,-0.68
-0.28,-0.66
-0.28,-0.64
-0.28,-0.62
-0.28,-0.6
-0.28,-0.58
-0.28,-0.56
-0.28,-0.54
-0.28,-0.52
-0.28,-0.5
-0.28,-0.48
-0.28,-0.46
-0.28,-0.44
-0.28,-0.42
-0.28,-0.4
-0.28,-0.38
-0.28,-0.36
-0.28,-0.34
-0.28,-0.32
-0.28,-0.3
-0.28,-0.28
-0.28,-0.26
-0.28,-0.24
-0.28,-0.22
-0.28,-0.2
-0.28,-0.18
-0.28,-0.16
-0.28,-0.14
-0.28,-0.12
-0.28,-0.1
-0.28,-0.08
-0.28,-0.0599999999999999
-0.28,-0.04
-0.28,-0.02
-0.28,0
-0.28,0.02
-0.28,0.04
-0.28,0.06
-0.28,0.0800000000000001
-0.28,0.1
-0.28,0.12
-0.28,0.14
-0.28,0.16
-0.28,0.18
-0.28,0.2
-0.28,0.22
-0.28,0.24
-0.28,0.26
-0.28,0.28
-0.28,0.3
-0.28,0.32
-0.28,0.34
-0.28,0.36
-0.28,0.38
-0.28,0.4
-0.28,0.42
-0.28,0.44
-0.28,0.46
-0.28,0.48
-0.28,0.5
-0.28,0.52
-0.28,0.54
-0.28,0.56
-0.28,0.58
-0.28,0.6
-0.28,0.62
-0.28,0.64
-0.28,0.66
-0.28,0.68
-0.28,0.7
-0.28,0.72
-0.28,0.74
-0.28,0.76
-0.28,0.78
-0.28,0.8
-0.28,0.82
-0.28,0.84
-0.235,-0.86
-0.235,-0.84
-0.235,-0.82
-0.235,-0.8
-0.235,-0.78
-0.235,-0.76
-0.235,-0.74
-0.235,-0.72
-0.235,-0.7
-0.235,-0.68
-0.235,-0.66
-0.235,-0.64
-0.235,-0.62
-0.235,-0.6
-0.235,-0.58
-0.235,-0.56
-0.235,-0.54
-0.235,-0.52
-0.235,-0.5
-0.235,-0.48
-0.235,-0.46
-0.235,-0.44
-0.235,-0.42
-0.235,-0.4
-0.235,-0.38
-0.235,-0.36
-0.235,-0.34
-0.235,-0.32
-0.235,-0.3
-0.235,-0.28
-0.235,-0.26
-0.235,-0.24
-0.235,-0.22
-0.235,-0.2
-0.235,-0.18
-0.235,-0.16
-0.235,-0.14
-0.235,-0.12
-0.235,-0.1
-0.235,-0.08
-0.235,-0.0599999999999999
-0.235,-0.04
-0.235,-0.02
-0.235,0
-0.235,0.02
-0.235,0.04
-0.235,0.06
-0.235,0.0800000000000001
-0.235,0.1
-0.235,0.12
-0.235,0.14
-0.235,0.16
-0.235,0.18
-0.235,0.2
-0.235,0.22
-0.235,0.24
-0.235,0.26
-0.235,0.28
-0.235,0.3
-0.235,0.32
-0.235,0.34
-0.235,0.36
-0.235,0.38
-0.235,0.4
-0.235,0.42
-0.235,0.44
-0.235,0.46
-0.235,0.48
-0.235,0.5
-0.235,0.52
-0.235,0.54
-0.235,0.56
-0.235,0.58
-0.235,0.6
-0.235,0.62
-0.235,0.64
-0.235,0.66
-0.235,0.68
-0.235,0.7
-0.235,0.72
-0.235,0.74
-0.235,0.76
-0.235,0.78
-0.235,0.8
-0.235,0.82
-0.235,0.84
-0.235,0.86
-0.19,-0.86
-0.19,-0.84
-0.19,-0.82
-0.19,-0.8
-0.19,-0.78
-0.19,-0.76
-0.19,-0.74
-0.19,-0.72
-0.19,-0.7
-0.19,-0.68
-0.19,-0.66
-0.19,-0.64
-0.19,-0.62
-0.19,-0.6
-0.19,-0.58
-0.19,-0.56
-0.19,-0.54
-0.19,-0.52
-0.19,-0.5
-0.19,-0.48
-0.19,-0.46
-0.19,-0.44
-0.19,-0.42
-0.19,-0.4
-0.19,-0.38
-0.19,-0.36
-0.19,-0.34
-0.19,-0.32
-0.19,-0.3
-0.19,-0.28
-0.19,-0.26
-0.19,-0.24
-0.19,-0.22
-0.19,-0.2
-0.19,-0.18
-0.19,-0.16
-0.19,-0.14
-0.19,-0.12
-0.19,-0.1
-0.19,-0.08
-0.19,-0.0599999999999999
-0.19,-0.04
-0.19,-0.02
-0.19,0
-0.19,0.02
-0.19,0.04
-0.19,0.06
-0.19,0.0800000000000001
-0.19,0.1
-0.19,0.12
-0.19,0.14
-0.19,0.16
-0.19,0.18
-0.19,0.2
-0.19,0.22
-0.19,0.24
-0.19,0.26
-0.19,0.28
-0.19,0.3
-0.19,0.32
-0.19,0.34
-0.19,0.36
-0.19,0.38
-0.19,0.4
-0.19,0.42
-0.19,0.44
-0.19,0.46
-0.19,0.48
-0.19,0.5
-0.19,0.52
-0.19,0.54
-0.19,0.56
-0.19,0.58
-0.19,0.6
-0.19,0.62
-0.19,0.64
-0.19,0.66
-0.19,0.68
-0.19,0.7
-0.19,0.72
-0.19,0.74
-0.19,0.76
-0.19,0.78
-0.19,0.8
-0.19,0.82
-0.19,0.84
-0.19,0.86
-0.145,-0.88
-0.145,-0.86
-0.145,-0.84
-0.145,-0.82
-0.145,-0.8
-0.145,-0.78
-0.145,-0.76
-0.145,-0.74
-0.145,-0.72
-0.145,-0.7
-0.145,-0.68
-0.145,-0.66
-0.145,-0.64
-0.145,-0.62
-0.145,-0.6
-0.145,-0.58
-0.145,-0.56
-0.145,-0.54
-0.145,-0.52
-0.145,-0.5
-0.145,-0.48
-0.145,-0.46
-0.145,-0.44
-0.145,-0.42
-0.145,-0.4
-0.145,-0.38
-0.145,-0.36
-0.145,-0.34
-0.145,-0.32
-0.145,-0.3
-0.145,-0.28
-0.145,-0.26
-0.145,-0.24
-0.145,-0.22
-0.145,-0.2
-0.145,-0.18
-0.145,-0.16
-0.145,-0.14
-0.145,-0.12
-0.145,-0.1
-0.145,-0.08
-0.145,-0.0599999999999999
-0.145,-0.04
-0.145,-0.02
-0.145,0
-0.145,0.02
-0.145,0.04
-0.145,0.06
-0.145,0.0800000000000001
-0.145,0.1
-0.145,0.12
-0.145,0.14
-0.145,0.16
-0.145,0.18
-0.145,0.2
-0.145,0.22
-0.145,0.24
-0.145,0.26
-0.145,0.28
-0.145,0.3
-0.145,0.32
-0.145,0.34
-0.145,0.36
-0.145,0.38
-0.145,0.4
-0.145,0.42
-0.145,0.44
-0.145,0.46
-0.145,0.48
-0.145,0.5
-0.145,0.52
-0.145,0.54
-0.145,0.56
-0.145,0.58
-0.145,0.6
-0.145,0.62
-0.145,0.64
-0.145,0.66
-0.145,0.68
-0.145,0.7
-0.145,0.72
-0.145,0.74
-0.145,0.76
-0.145,0.78
-0.145,0.8
-0.145,0.82
-0.145,0.84
-0.145,0.86
-0.145,0.88
-0.1,-0.88
-0.1,-0.86
-0.1,-0.84
-0.1,-0.82
-0.1,-0.8
-0.1,-0.78
-0.1,-0.76
-0.1,-0.74
-0.1,-0.72
-0.1,-0.7
-0.1,-0.68
-0.1,-0.66
-0.1,-0.64
-0.1,-0.62
-0.1,-0.6
-0.1,-0.58
-0.1,-0.56
-0.1,-0.54
-0.1,-0.52
-0.1,-0.5
-0.1,-0.48
-0.1,-0.46
-0.1,-0.44
-0.1,-0.42
-0.1,-0.4
-0.1,-0.38
-0.1,-0.36
-0.1,-0.34
-0.1,-0.32
-0.1,-0.3
-0.1,-0.28
-0.1,-0.26
-0.1,-0.24
-0.1,-0.22
-0.1,-0.2
-0.1,-0.18
-0.1,-0.16
-0.1,-0.14
-0.1,-0.12
-0.1,-0.1
-0.1,-0.08
-0.1,-0.0599999999999999
-0.1,-0.04
-0.1,-0.02
-0.1,0
-0.1,0.02
-0.1,0.04
-0.1,0.06
-0.1,0.0800000000000001
-0.1,0.1
-0.1,0.12
-0.1,0.14
-0.1,0.16
-0.1,0.18
-0.1,0.2
-0.1,0.22
-0.1,0.24
-0.1,0.26
-0.1,0.28
-0.1,0.3
-0.1,0.32
-0.1,0.34
-0.1,0.36
-0.1,0.38
-0.1,0.4
-0.1,0.42
-0.1,0.44
-0.1,0.46
-0.1,0.48
-0.1,0.5
-0.1,0.52
-0.1,0.54
-0.1,0.56
-0.1,0.58
-0.1,0.6
-0.1,0.62
-0.1,0.64
-0.1,0.66
-0.1,0.68
-0.1,0.7
-0.1,0.72
-0.1,0.74
-0.1,0.76
-0.1,0.78
-0.1,0.8
-0.1,0.82
-0.1,0.84
-0.1,0.86
-0.1,0.88
-0.055,-0.88
-0.055,-0.86
-0.055,-0.84
-0.055,-0.82
-0.055,-0.8
-0.055,-0.78
-0.055,-0.76
-0.055,-0.74
-0.055,-0.72
-0.055,-0.7
-0.055,-0.68
-0.055,-0.66
-0.055,-0.64
-0.055,-0.62
-0.055,-0.6
-0.055,-0.58
-0.055,-0.56
-0.055,-0.54
-0.055,-0.52
-0.055,-0.5
-0.055,-0.48
-0.055,-0.46
-0.055,-0.44
-0.055,-0.42
-0.055,-0.4
-0.055,-0.38
-0.055,-0.36
-0.055,-0.34
-0.055,-0.32
-0.055,-0.3
-0.055,-0.28
-0.055,-0.26
-0.055,-0.24
-0.055,-0.22
-0.055,-0.2
-0.055,-0.18
-0.055,-0.16
-0.055,-0.14
-0.055,-0.12
-0.055,-0.1
-0.055,0.1
-0.055,0.12
-0.055,0.14
-0.055,0.16
-0.055,0.18
-0.055,0.2
-0.055,0.22
-0.055,0.24
-0.055,0.26
-0.055,0.28
-0.055,0.3
-0.055,0.32
-0.055,0.34
-0.055,0.36
-0.055,0.38
-0.055,0.4
-0.055,0.42
-0.055,0.44
-0.055,0.46
-0.055,0.48
-0.055,0.5
-0.055,0.52
-0.055,0.54
-0.055,0.56
-0.055,0.58
-0.055,0.6
-0.055,0.62
-0.055,0.64
-0.055,0.66
-0.055,0.68
-0.055,0.7
-0.055,0.72
-0.055,0.74
-0.055,0.76
-0.055,0.78
-0.055,0.8
-0.055,0.82
-0.055,0.84
-0.055,0.86
-0.055,0.88
-0.01,-0.88
-0.01,-0.86
-0.01,-0.84
-0.01,-0.82
-0.01,-0.8
-0.01,-0.78
-0.01,-0.76
-0.01,-0.74
-0.01,-0.72
-0.01,-0.7
-0.01,-0.68
-0.01,-0.66
-0.01,-0.64
-0.01,-0.62
-0.01,-0.6
-0.01,-0.58
-0.01,-0.56
-0.01,-0.54
-0.01,-0.52
-0.01,-0.5
-0.01,-0.48
-0.01,-0.46
-0.01,-0.44
-0.01,-0.42
-0.01,-0.4
-0.01,-0.38
-0.01,-0.36
-0.01,-0.34
-0.01,-0.32
-0.01,-0.3
-0.01,-0.28
-0.01,-0.26
-0.01,-0.24
-0.01,-0.22
-0.01,-0.2
-0.01,-0.18
-0.01,-0.16
-0.01,-0.14
-0.01,-0.12
-0.01,-0.1
-0.01,0.1
-0.01,0.12
-0.01,0.14
-0.01,0.16
-0.01,0.18
-0.01,0.2
-0.01,0.22
-0.01,0.24
-0.01,0.26
-0.01,0.28
-0.01,0.3
-0.01,0.32
-0.01,0.34
-0.01,0.36
-0.01,0.38
-0.01,0.4
-0.01,0.42
-0.01,0.44
-0.01,0.46
-0.01,0.48
-0.01,0.5
-0.01,0.52
-0.01,0.54
-0.01,0.56
-0.01,0.58
-0.01,0.6
-0.01,0.62
-0.01,0.64
-0.01,0.66
-0.01,0.68
-0.01,0.7
-0.01,0.72
-0.01,0.74
-0.01,0.76
-0.01,0.78
-0.01,0.8
-0.01,0.82
-0.01,0.84
-0.01,0.86
-0.01,0.88
0.0349999999999999,-0.9
0.0349999999999999,-0.88
0.0349999999999999,-0.86
0.0349999999999999,-0.84
0.0349999999999999,-0.82
0.0349999999999999,-0.8
0.0349999999999999,-0.78
0.0349999999999999,-0.76
0.0349999999999999,-0.74
0.0349999999999999,-0.72
0.0349999999999999,-0.7
0.0349999999999999,-0.68
0.0349999999999999,-0.66
0.0349999999999999,-0.64
0.0349999999999999,-0.62
0.0349999999999999,-0.6
0.0349999999999999,-0.58
0.0349999999999999,-0.56
0.0349999999999999,-0.54
0.0349999999999999,-0.52
0.0349999999999999,-0.5
0.0349999999999999,-0.48
0.0349999999999999,-0.46
0.0349999999999999,-0.44
0.0349999999999999,-0.42
0.0349999999999999,-0.4
0.0349999999999999,-0.38
0.0349999999999999,-0.36
0.0349999999999999,-0.34
0.0349999999999999,-0.32
0.0349999999999999,-0.3
0.0349999999999999,-0.28
0.0349999999999999,-0.26
0.0349999999999999,-0.24
0.0349999999999999,-0.22
0.0349999999999999,-0.2
0.0349999999999999,-0.18
0.0349999999999999,-0.16
0.0349999999999999,-0.14
0.0349999999999999,-0.12
0.0349999999999999,-0.1
0.0349999999999999,0.1
0.0349999999999999,0.12
0.0349999999999999,0.14
0.0349999999999999,0.16
0.0349999999999999,0.18
0.0349999999999999,0.2
0.0349999999999999,0.22
0.0349999999999999,0.24
0.0349999999999999,0.26
0.0349999999999999,0.28
0.0349999999999999,0.3
0.0349999999999999,0.32
0.0349999999999999,0.34
0.0349999999999999,0.36
0.0349999999999999,0.38
0.0349999999999999,0.4
0.0349999999999999,0.42
0.0349999999999999,0.44
0.0349999999999999,0.46
0.0349999999999999,0.48
0.0349999999999999,0.5
0.0349999999999999,0.52
0.0349999999999999,0.54
0.0349999999999999,0.56
0.0349999999999999,0.58
0.0349999999999999,0.6
0.0349999999999999,0.62
0.0349999999999999,0.64
0.0349999999999999,0.66
0.0349999999999999,0.68
0.0349999999999999,0.7
0.0349999999999999,0.72
0.0349999999999999,0.74
0.0349999999999999,0.76
0.0349999999999999,0.78
0.0349999999999999,0.8
0.0349999999999999,0.82
0.0349999999999999,0.84
0.0349999999999999,0.86
0.0349999999999999,0.88
0.0800000000000001,-0.9
0.0800000000000001,-0.88
0.0800000000000001,-0.86
0.0800000000000001,-0.84
0.0800000000000001,-0.82
0.0800000000000001,-0.8
0.0800000000000001,-0.78
0.0800000000000001,-0.76
0.0800000000000001,-0.74
0.0800000000000001,-0.72
0.0800000000000001,-0.7
0.0800000000000001,-0.68
0.0800000000000001,-0.66
0.0800000000000001,-0.64
0.0800000000000001,-0.62
0.0800000000000001,-0.6
0.0800000000000001,-0.58
0.0800000000000001,-0.56
0.0800000000000001,-0.54
0.0800000000000001,-0.52
0.0800000000000001,-0.5
0.0800000000000001,-0.48
0.0800000000000001,-0.46
0.0800000000000001,-0.44
0.0800000000000001,-0.42
0.0800000000000001,-0.4
0.0800000000000001,-0.38
0.0800000000000001,-0.36
0.0800000000000001,-0.34
0.0800000000000001,-0.32
0.0800000000000001,-0.3
0.0800000000000001,-0.28
0.0800000000000001,-0.26
0.0800000000000001,-0.24
0.0800000000000001,-0.22
0.0800000000000001,-0.2
0.0800000000000001,-0.18
0.0800000000000001,-0.16
0.0800000000000001,-0.14
0.0800000000000001,-0.12
0.0800000000000001,-0.1
0.0800000000000001,0.1
0.0800000000000001,0.12
0.0800000000000001,0.14
0.0800000000000001,0.16
0.0800000000000001,0.18
0.0800000000000001,0.2
0.0800000000000001,0.22
0.0800000000000001,0.24
0.0800000000000001,0.26
0.0800000000000001,0.28
0.0800000000000001,0.3
0.0800000000000001,0.32
0.0800000000000001,0.34
0.0800000000000001,0.36
0.0800000000000001,0.38
0.0800000000000001,0.4
0.0800000000000001,0.42
0.0800000000000001,0.44
0.0800000000000001,0.46
0.0800000000000001,0.48
0.0800000000000001,0.5
0.0800000000000001,0.52
0.0800000000000001,0.54
0.0800000000000001,0.56
0.0800000000000001,0.58
0.0800000000000001,0.6
0.0800000000000001,0.62
0.0800000000000001,0.64
0.0800000000000001,0.66
0.0800000000000001,0.68
0.0800000000000001,0.7
0.0800000000000001,0.72
0.0800000000000001,0.74
0.0800000000000001,0.76
0.0800000000000001,0.78
0.0800000000000001,0.8
0.0800000000000001,0.82
0.0800000000000001,0.84
0.0800000000000001,0.86
0.0800000000000001,0.88
0.125,-0.9
0.125,-0.88
0.125,-0.86
0.125,-0.84
0.125,-0.82
0.125,-0.8
0.125,-0.78
0.125,-0.76
0.125,-0.74
0.125,-0.72
0.125,-0.7
0.125,-0.68
0.125,-0.66
0.125,-0.64
0.125,-0.62
0.125,-0.6
0.125,-0.58
0.125,-0.56
0.125,-0.54
0.125,-0.52
0.125,-0.5
0.125,-0.48
0.125,-0.46
0.125,-0.44
0.125,-0.42
0.125,-0.4
0.125,-0.38
0.125,-0.36
0.125,-0.34
0.125,-0.32
0.125,-0.3
0.125,-0.28
0.125,-0.26
0.125,-0.24
0.125,-0.22
0.125,-0.2
0.125,-0.18
0.125,-0.16
0.125,-0.14
0.125,-0.12
0.125,-0.1
0.125,0.1
0.125,0.12
0.125,0.14
0.125,0.16
0.125,0.18
0.125,0.2
0.125,0.22
0.125,0.24
0.125,0.26
0.125,0.28
0.125,0.3
0.125,0.32
0.125,0.34
0.125,0.36
0.125,0.38
0.125,0.4
0.125,0.42
0.125,0.44
0.125,0.46
0.125,0.48
0.125,0.5
0.125,0.52
0.125,0.54
0.125,0.56
0.125,0.58
0.125,0.6
0.125,0.62
0.125,0.64
0.125,0.66
0.125,0.68
0.125,0.7
0.125,0.72
0.125,0.74
0.125,0.76
0.125,0.78
0.125,0.8
0.125,0.82
0.125,0.84
0.125,0.86
0.125,0.88
0.17,-0.9
0.17,-0.88
0.17,-0.86
0.17,-0.84
0.17,-0.82
0.17,-0.8
0.17,-0.78
0.17,-0.76
0.17,-0.74
0.17,-0.72
0.17,-0.7
0.17,-0.68
0.17,-0.66
0.17,-0.64
0.17,-0.62
0.17,-0.6
0.17,-0.58
0.17,-0.56
0.17,-0.54
0.17,-0.52
0.17,-0.5
0.17,-0.48
0.17,-0.46
0.17,-0.44
0.17,-0.42
0.17,-0.4
0.17,-0.38
0.17,-0.36
0.17,-0.34
0.17,-0.32
0.17,-0.3
0.17,-0.28
0.17,-0.26
0.17,-0.24
0.17,-0.22
0.17,-0.2
0.17,-0.18
0.17,-0.16
0.17,-0.14
0.17,-0.12
0.17,-0.1
0.17,0.1
0.17,0.12
0.17,0.14
0.17,0.16
0.17,0.18
0.17,0.2
0.17,0.22
0.17,0.24
0.17,0.26
0.17,0.28
0.17,0.3
0.17,0.32
0.17,0.34
0.17,0.36
0.17,0.38
0.17,0.4
0.17,0.42
0.17,0.44
0.17,0.46
0.17,0.48
0.17,0.5
0.17,0.52
0.17,0.54
0.17,0.56
0.17,0.58
0.17,0.6
0.17,0.62
0.17,0.64
0.17,0.66
0.17,0.68
0.17,0.7
0.17,0.72
0.17,0.74
0.17,0.76
0.17,0.78
0.17,0.8
0.17,0.82
0.17,0.84
0.17,0.86
0.17,0.88
0.215,-0.9
0.215,-0.88
0.215,-0.86
0.215,-0.84
0.215,-0.82
0.215,-0.8
0.215,-0.78
0.215,-0.76
0.215,-0.74
0.215,-0.72
0.215,-0.7
0.215,-0.68
0.215,-0.66
0.215,-0.64
0.215,-0.62
0.215,-0.6
0.215,-0.58
0.215,-0.56
0.215,-0.54
0.215,-0.52
0.215,-0.5
0.215,-0.48
0.215,-0.46
0.215,-0.44
0.215,-0.42
0.215,-0.4
0.215,-0.38
0.215,-0.36
0.215,-0.34
0.215,-0.32
0.215,-0.3
0.215,-0.28
0.215,-0.26
0.215,-0.24
0.215,-0.22
0.215,-0.2
0.215,-0.18
0.215,-0.16
0.215,-0.14
0.215,-0.12
0.215,-0.1
0.215,0.1
0.215,0.12
0.215,0.14
0.215,0.16
0.215,0.18
0.215,0.2
0.215,0.22
0.215,0.24
0.215,0.26
0.215,0.28
0.215,0.3
0.215,0.32
0.215,0.34
0.215,0.36
0.215,0.38
0.215,0.4
0.215,0.42
0.215,0.44
0.215,0.46
0.215,0.48
0.215,0.5
0.215,0.52
0.215,0.54
0.215,0.56
0.215,0.58
0.215,0.6
0.215,0.62
0.215,0.64
0.215,0.66
0.215,0.68
0.215,0.7
0.215,0.72
0.215,0.74
0.215,0.76
0.215,0.78
0.215,0.8
0.215,0.82
0.215,0.84
0.215,0.86
0.215,0.88
0.26,-0.9
0.26,-0.88
0.26,-0.86
0.26,-0.84
0.26,-0.82
0.26,-0.8
0.26,-0.78
0.26,-0.76
0.26,-0.74
0.26,-0.72
0.26,-0.7
0.26,-0.68
0.26,-0.66
0.26,-0.64
0.26,-0.62
0.26,-0.6
0.26,-0.58
0.26,-0.56
0.26,-0.54
0.26,-0.52
0.26,-0.5
0.26,-0.48
0.26,-0.46
0.26,-0.44
0.26,-0.42
0.26,-0.4
0.26,-0.38
0.26,-0.36
0.26,-0.34
0.26,-0.32
0.26,-0.3
0.26,-0.28
0.26,-0.26
0.26,-0.24
0.26,-0.22
0.26,-0.2
0.26,-0.18
0.26,-0.16
0.26,-0.14
0.26,-0.12
0.26,-0.1
0.26,0.1
0.26,0.12
0.26,0.14
0.26,0.16
0.26,0.18
0.26,0.2
0.26,0.22
0.26,0.24
0.26,0.26
0.26,0.28
0.26,0.3
0.26,0.32
0.26,0.34
0.26,0.36
0.26,0.38
0.26,0.4
0.26,0.42
0.26,0.44
0.26,0.46
0.26,0.48
0.26,0.5
0.26,0.52
0.26,0.54
0.26,0.56
0.26,0.58
0.26,0.6
0.26,0.62
0.26,0.64
0.26,0.66
0.26,0.68
0.26,0.7
0.26,0.72
0.26,0.74
0.26,0.76
0.26,0.78
0.26,0.8
0.26,0.82
0.26,0.84
0.26,0.86
0.26,0.88
0.305,-0.9
0.305,-0.88
0.305,-0.86
0.305,-0.84
0.305,-0.82
0.305,-0.8
0.305,-0.78
0.305,-0.76
0.305,-0.74
0.305,-0.72
0.305,-0.7
0.305,-0.68
0.305,-0.66
0.305,-0.64
0.305,-0.62
0.305,-0.6
0.305,-0.58
0.305,-0.56
0.305,-0.54
0.305,-0.52
0.305,-0.5
0.305,-0.48
0.305,-0.46
0.305,-0.44
0.305,-0.42
0.305,-0.4
0.305,-0.38
0.305,-0.36
0.305,-0.34
0.305,-0.32
0.305,-0.3
0.305,-0.28
0.305,-0.26
0.305,-0.24
0.305,-0.22
0.305,-0.2
0.305,-0.18
0.305,-0.16
0.305,-0.14
0.305,-0.12
0.305,-0.1
0.305,0.1
0.305,0.12
0.305,0.14
0.305,0.16
0.305,0.18
0.305,0.2
0.305,0.22
0.305,0.24
0.305,0.26
0.305,0.28
0.305,0.3
0.305,0.32
0.305,0.34
0.305,0.36
0.305,0.38
0.305,0.4
0.305,0.42
0.305,0.44
0.305,0.46
0.305,0.48
0.305,0.5
0.305,0.52
0.305,0.54
0.305,0.56
0.305,0.58
0.305,0.6
0.305,0.62
0.305,0.64
0.305,0.66
0.305,0.68
0.305,0.7
0.305,0.72
0.305,0.74
0.305,0.76
0.305,0.78
0.305,0.8
0.305,0.82
0.305,0.84
0.305,0.86
0.305,0.88
0.35,-0.9
0.35,-0.88
0.35,-0.86
0.35,-0.84
0.35,-0.82
0.35,-0.8
0.35,-0.78
0.35,-0.76
0.35,-0.74
0.35,-0.72
0.35,-0.7
0.35,-0.68
0.35,-0.66
0.35,-0.64
0.35,-0.62
0.35,-0.6
0.35,-0.58
0.35,-0.56
0.35,-0.54
0.35,-0.52
0.35,-0.5
0.35,-0.48
0.35,-0.46
0.35,-0.44
0.35,-0.42
0.35,-0.4
0.35,-0.38
0.35,-0.36
0.35,-0.34
0.35,-0.32
0.35,-0.3
0.35,-0.28
0.35,-0.26
0.35,-0.24
0.35,-0.22
0.35,-0.2
0.35,-0.18
0.35,-0.16
0.35,-0.14
0.35,-0.12
0.35,-0.1
0.35,0.1
0.35,0.12
0.35,0.14
0.35,0.16
0.35,0.18
0.35,0.2
0.35,0.22
0.35,0.24
0.35,0.26
0.35,0.28
0.35,0.3
0.35,0.32
0.35,0.34
0.35,0.36
0.35,0.38
0.35,0.4
0.35,0.42
0.35,0.44
0.35,0.46
0.35,0.48
0.35,0.5
0.35,0.52
0.35,0.54
0.35,0.56
0.35,0.58
0.35,0.6
0.35,0.62
0.35,0.64
0.35,0.66
0.35,0.68
0.35,0.7
0.35,0.72
0.35,0.74
0.35,0.76
0.35,0.78
0.35,0.8
0.35,0.82
0.35,0.84
0.35,0.86
0.35,0.88
0.395,-0.9
0.395,-0.88
0.395,-0.86
0.395,-0.84
0.395,-0.82
0.395,-0.8
0.395,-0.78
0.395,-0.76
0.395,-0.74
0.395,-0.72
0.395,-0.7
0.395,-0.68
0.395,-0.66
0.395,-0.64
0.395,-0.62
0.395,-0.6
0.395,-0.58
0.395,-0.56
0.395,-0.54
0.395,-0.52
0.395,-0.5
0.395,-0.48
0.395,-0.46
0.395,-0.44
0.395,-0.42
0.395,-0.4
0.395,-0.38
0.395,-0.36
0.395,-0.34
0.395,-0.32
0.395,-0.3
0.395,-0.28
0.395,-0.26
0.395,-0.24
0.395,-0.22
0.395,-0.2
0.395,-0.18
0.395,-0.16
0.395,-0.14
0.395,-0.12
0.395,-0.1
0.395,0.1
0.395,0.12
0.395,0.14
0.395,0.16
0.395,0.18
0.395,0.2
0.395,0.22
0.395,0.24
0.395,0.26
0.395,0.28
0.395,0.3
0.395,0.32
0.395,0.34
0.395,0.36
0.395,0.38
0.395,0.4
0.395,0.42
0.395,0.44
0.395,0.46
0.395,0.48
0.395,0.5
0.395,0.52
0.395,0.54
0.395,0.56
0.395,0.58
0.395,0.6
0.395,0.62
0.395,0.64
0.395,0.66
0.395,0.68
0.395,0.7
0.395,0.72
0.395,0.74
0.395,0.76
0.395,0.78
0.395,0.8
0.395,0.82
0.395,0.84
0.395,0.86
0.395,0.88
0.44,-0.9
0.44,-0.88
0.44,-0.86
0.44,-0.84
0.44,-0.82
0.44,-0.8
0.44,-0.78
0.44,-0.76
0.44,-0.74
0.44,-0.72
0.44,-0.7
0.44,-0.68
0.44,-0.66
0.44,-0.64
0.44,-0.62
0.44,-0.6
0.44,-0.58
0.44,-0.56
0.44,-0.54
0.44,-0.52
0.44,-0.5
0.44,-0.48
0.44,-0.46
0.44,-0.44
0.44,-0.42
0.44,-0.4
0.44,-0.38
0.44,-0.36
0.44,-0.34
0.44,-0.32
0.44,-0.3
0.44,-0.28
0.44,-0.26
0.44,-0.24
0.44,-0.22
0.44,-0.2
0.44,-0.18
0.44,-0.16
0.44,-0.14
0.44,-0.12
0.44,-0.1
0.44,0.1
0.44,0.12
0.44,0.14
0.44,0.16
0.44,0.18
0.44,0.2
0.44,0.22
0.44,0.24
0.44,0.26
0.44,0.28
0.44,0.3
0.44,0.32
0.44,0.34
0.44,0.36
0.44,0.38
0.44,0.4
0.44,0.42
0.44,0.44
0.44,0.46
0.44,0.48
0.44,0.5
0.44,0.52
0.44,0.54
0.44,0.56
0.44,0.58
0.44,0.6
0.44,0.62
0.44,0.64
0.44,0.66
0.44,0.68
0.44,0.7
0.44,0.72
0.44,0.74
0.44,0.76
0.44,0.78
0.44,0.8
0.44,0.82
0.44,0.84
0.44,0.86
0.44,0.88
0.485,-0.9
0.485,-0.88
0.485,-0.86
0.485,-0.84
0.485,-0.82
0.485,-0.8
0.485,-0.78
0.485,-0.76
0.485,-0.74
0.485,-0.72
0.485,-0.7
0.485,-0.68
0.485,-0.66
0.485,-0.64
0.485,-0.62
0.485,-0.6
0.485,-0.58
0.485,-0.56
0.485,-0.54
0.485,-0.52
0.485,-0.5
0.485,-0.48
0.485,-0.46
0.485,-0.44
0.485,-0.42
0.485,-0.4
0.485,-0.38
0.485,-0.36
0.485,-0.34
0.485,-0.32
0.485,-0.3
0.485,-0.28
0.485,-0.26
0.485,-0.24
0.485,-0.22
0.485,-0.2
0.485,-0.18
0.485,-0.16
0.485,-0.14
0.485,-0.12
0.485,-0.1
0.485,0.1
0.485,0.12
0.485,0.14
0.485,0.16
0.485,0.18
0.485,0.2
0.485,0.22
0.485,0.24
0.485,0.26
0.485,0.28
0.485,0.3
0.485,0.32
0.485,0.34
0.485,0.36
0.485,0.38
0.485,0.4
0.485,0.42
0.485,0.44
0.485,0.46
0.485,0.48
0.485,0.5
0.485,0.52
0.485,0.54
0.485,0.56
0.485,0.58
0.485,0.6
0.485,0.62
0.485,0.64
0.485,0.66
0.485,0.68
0.485,0.7
0.485,0.72
0.485,0.74
0.485,0.76
0.485,0.78
0.485,0.8
0.485,0.82
0.485,0.84
0.485,0.86
0.485,0.88
0.53,-0.9
0.53,-0.88
0.53,-0.86
0.53,-0.84
0.53,-0.82
0.53,-0.8
0.53,-0.78
0.53,-0.76
0.53,-0.74
0.53,-0.72
0.53,-0.7
0.53,-0.68
0.53,-0.66
0.53,-0.64
0.53,-0.62
0.53,-0.6
0.53,-0.58
0.53,-0.56
0.53,-0.54
0.53,-0.52
0.53,-0.5
0.53,-0.48
0.53,-0.46
0.53,-0.44
0.53,-0.42
0.53,-0.4
0.53,-0.38
0.53,-0.36
0.53,-0.34
0.53,-0.32
0.53,-0.3
0.53,-0.28
0.53,-0.26
0.53,-0.24
0.53,-0.22
0.53,-0.2
0.53,-0.18
0.53,-0.16
0.53,-0.14
0.53,-0.12
0.53,-0.1
0.53,0.1
0.53,0.12
0.53,0.14
0.53,0.16
0.53,0.18
0.53,0.2
0.53,0.22
0.53,0.24
0.53,0.26
0.53,0.28
0.53,0.3
0.53,0.32
0.53,0.34
0.53,0.36
0.53,0.38
0.53,0.4
0.53,0.42
0.53,0.44
0.53,0.46
0.53,0.48
0.53,0.5
0.53,0.52
0.53,0.54
0.53,0.56
0.53,0.58
0.53,0.6
0.53,0.62
0.53,0.64
0.53,0.66
0.53,0.68
0.53,0.7
0.53,0.72
0.53,0.74
0.53,0.76
0.53,0.78
0.53,0.8
0.53,0.82
0.53,0.84
0.53,0.86
0.53,0.88
0.575,-0.9
0.575,-0.88
0.575,-0.86
0.575,-0.84
0.575,-0.82
0.575,-0.8
0.575,-0.78
0.575,-0.76
0.575,-0.74
0.575,-0.72
0.575,-0.7
0.575,-0.68
0.575,-0.66
0.575,-0.64
0.575,-0.62
0.575,-0.6
0.575,-0.58
0.575,-0.56
0.575,-0.54
0.575,-0.52
0.575,-0.5
0.575,-0.48
0.575,-0.46
0.575,-0.44
0.575,-0.42
0.575,-0.4
0.575,-0.38
0.575,-0.36
0.575,-0.34
0.575,-0.32
0.575,-0.3
0.575,-0.28
0.575,-0.26
0.575,-0.24
0.575,-0.22
0.575,-0.2
0.575,-0.18
0.575,-0.16
0.575,-0.14
0.575,-0.12
0.575,-0.1
0.575,0.1
0.575,0.12
0.575,0.14
0.575,0.16
0.575,0.18
0.575,0.2
0.575,0.22
0.575,0.24
0.575,0.26
0.575,0.28
0.575,0.3
0.575,0.32
0.575,0.34
0.575,0.36
0.575,0.38
0.575,0.4
0.575,0.42
0.575,0.44
0.575,0.46
0.575,0.48
0.575,0.5
0.575,0.52
0.575,0.54
0.575,0.56
0.575,0.58
0.575,0.6
0.575,0.62
0.575,0.64
0.575,0.66
0.575,0.68
0.575,0.7
0.575,0.72
0.575,0.74
0.575,0.76
0.575,0.78
0.575,0.8
0.575,0.82
0.575,0.84
0.575,0.86
0.575,0.88
0.62,-0.9
0.62,-0.88
0.62,-0.86
0.62,-0.84
0.62,-0.82
0.62,-0.8
0.62,-0.78
0.62,-0.76
0.62,-0.74
0.62,-0.72
0.62,-0.7
0.62,-0.68
0.62,-0.66
0.62,-0.64
0.62,-0.62
0.62,-0.6
0.62,-0.58
0.62,-0.56
0.62,-0.54
0.62,-0.52
0.62,-0.5
0.62,-0.48
0.62,-0.46
0.62,-0.44
0.62,-0.42
0.62,-0.4
0.62,-0.38
0.62,-0.36
0.62,-0.34
0.62,-0.32
0.62,-0.3
0.62,-0.28
0.62,-0.26
0.62,-0.24
0.62,-0.22
0.62,-0.2
0.62,-0.18
0.62,-0.16
0.62,-0.14
0.62,-0.12
0.62,-0.1
0.62,0.1
0.62,0.12
0.62,0.14
0.62,0.16
0.62,0.18
0.62,0.2
0.62,0.22
0.62,0.24
0.62,0.26
0.62,0.28
0.62,0.3
0.62,0.32
0.62,0.34
0.62,0.36
0.62,0.38
0.62,0.4
0.62,0.42
0.62,0.44
0.62,0.46
0.62,0.48
0.62,0.5
0.62,0.52
0.62,0.54
0.62,0.56
0.62,0.58
0.62,0.6
0.62,0.62
0.62,0.64
0.62,0.66
0.62,0.68
0.62,0.7
0.62,0.72
0.62,0.74
0.62,0.76
0.62,0.78
0.62,0.8
0.62,0.82
0.62,0.84
0.62,0.86
0.62,0.88
0.665,-0.9
0.665,-0.88
0.665,-0.86
0.665,-0.84
0.665,-0.82
0.665,-0.8
0.665,-0.78
0.665,-0.76
0.665,-0.74
0.665,-0.72
0.665,-0.7
0.665,-0.68
0.665,-0.66
0.665,-0.64
0.665,-0.62
0.665,-0.6
0.665,-0.58
0.665,-0.56
0.665,-0.54
0.665,-0.52
0.665,-0.5
0.665,-0.48
0.665,-0.46
0.665,-0.44
0.665,-0.42
0.665,-0.4
0.665,-0.38
0.665,-0.36
0.665,-0.34
0.665,-0.32
0.665,-0.3
0.665,-0.28
0.665,-0.26
0.665,-0.24
0.665,-0.22
0.665,-0.2
0.665,-0.18
0.665,-0.16
0.665,-0.14
0.665,-0.12
0.665,-0.1
0.665,0.1
0.665,0.12
0.665,0.14
0.665,0.16
0.665,0.18
0.665,0.2
0.665,0.22
0.665,0.24
0.665,0.26
0.665,0.28
0.665,0.3
0.665,0.32
0.665,0.34
0.665,0.36
0.665,0.38
0.665,0.4
0.665,0.42
0.665,0.44
0.665,0.46
0.665,0.48
0.665,0.5
0.665,0.52
0.665,0.54
0.665,0.56
0.665,0.58
0.665,0.6
0.665,0.62
0.665,0.64
0.665,0.66
0.665,0.68
0.665,0.7
0.665,0.72
0.665,0.74
0.665,0.76
0.665,0.78
0.665,0.8
0.665,0.82
0.665,0.84
0.665,0.86
0.665,0.88
0.71,-0.9
0.71,-0.88
0.71,-0.86
0.71,-0.84
0.71,-0.82
0.71,-0.8
0.71,-0.78
0.71,-0.76
0.71,-0.74
0.71,-0.72
0.71,-0.7
0.71,-0.68
0.71,-0.66
0.71,-0.64
0.71,-0.62
0.71,-0.6
0.71,-0.58
0.71,-0.56
0.71,-0.54
0.71,-0.52
0.71,-0.5
0.71,-0.48
0.71,-0.46
0.71,-0.44
0.71,-0.42
0.71,-0.4
0.71,-0.38
0.71,-0.36
0.71,-0.34
0.71,-0.32
0.71,-0.3
0.71,-0.28
0.71,-0.26
0.71,-0.24
0.71,-0.22
0.71,-0.2
0.71,-0.18
0.71,-0.16
0.71,-0.14
0.71,-0.12
0.71,-0.1
0.71,0.1
0.71,0.12
0.71,0.14
0.71,0.16
0.71,0.18
0.71,0.2
0.71,0.22
0.71,0.24
0.71,0.26
0.71,0.28
0.71,0.3
0.71,0.32
0.71,0.34
0.71,0.36
0.71,0.38
0.71,0.4
0.71,0.42
0.71,0.44
0.71,0.46
0.71,0.48
0.71,0.5
0.71,0.52
0.71,0.54
0.71,0.56
0.71,0.58
0.71,0.6
0.71,0.62
0.71,0.64
0.71,0.66
0.71,0.68
0.71,0.7
0.71,0.72
0.71,0.74
0.71,0.76
0.71,0.78
0.71,0.8
0.71,0.82
0.71,0.84
0.71,0.86
0.71,0.88
0.755,-0.9
0.755,-0.88
0.755,-0.86
0.755,-0.84
0.755,-0.82
0.755,-0.8
0.755,-0.78
0.755,-0.76
0.755,-0.74
0.755,-0.72
0.755,-0.7
0.755,-0.68
0.755,-0.66
0.755,-0.64
0.755,-0.62
0.755,-0.6
0.755,-0.58
0.755,-0.56
0.755,-0.54
0.755,-0.52
0.755,-0.5
0.755,-0.48
0.755,-0.46
0.755,-0.44
0.755,-0.42
0.755,-0.4
0.755,-0.38
0.755,-0.36
0.755,-0.34
0.755,-0.32
0.755,-0.3
0.755,-0.28
0.755,-0.26
0.755,-0.24
0.755,-0.22
0.755,-0.2
0.755,-0.18
0.755,-0.16
0.755,-0.14
0.755,-0.12
0.755,-0.1
0.755,0.1
0.755,0.12
0.755,0.14
0.755,0.16
0.755,0.18
0.755,0.2
0.755,0.22
0.755,0.24
0.755,0.26
0.755,0.28
0.755,0.3
0.755,0.32
0.755,0.34
0.755,0.36
0.755,0.38
0.755,0.4
0.755,0.42
0.755,0.44
0.755,0.46
0.755,0.48
0.755,0.5
0.755,0.52
0.755,0.54
0.755,0.56
0.755,0.58
0.755,0.6
0.755,0.62
0.755,0.64
0.755,0.66
0.755,0.68
0.755,0.7
0.755,0.72
0.755,0.74
0.755,0.76
0.755,0.78
0.755,0.8
0.755,0.82
0.755,0.84
0.755,0.86
0.755,0.88
0.8,-0.9
0.8,-0.88
0.8,-0.86
0.8,-0.84
0.8,-0.82
0.8,-0.8
0.8,-0.78
0.8,-0.76
0.8,-0.74
0.8,-0.72
0.8,-0.7
0.8,-0.68
0.8,-0.66
0.8,-0.64
0.8,-0.62
0.8,-0.6
0.8,-0.58
0.8,-0.56
0.8,-0.54
0.8,-0.52
0.8,-0.5
0.8,-0.48
0.8,-0.46
0.8,-0.44
0.8,-0.42
0.8,-0.4
0.8,-0.38
0.8,-0.36
0.8,-0.34
0.8,-0.32
0.8,-0.3
0.8,-0.28
0.8,-0.26
0.8,-0.24
0.8,-0.22
0.8,-0.2
0.8,-0.18
0.8,-0.16
0.8,-0.14
0.8,-0.12
0.8,-0.1
0.8,0.1
0.8,0.12
0.8,0.14
0.8,0.16
0.8,0.18
0.8,0.2
0.8,0.22
0.8,0.24
0.8,0.26
0.8,0.28
0.8,0.3
0.8,0.32
0.8,0.34
0.8,0.36
0.8,0.38
0.8,0.4
0.8,0.42
0.8,0.44
0.8,0.46
0.8,0.48
0.8,0.5
0.8,0.52
0.8,0.54
0.8,0.56
0.8,0.58
0.8,0.6
0.8,0.62
0.8,0.64
0.8,0.66
0.8,0.68
0.8,0.7
0.8,0.72
0.8,0.74
0.8,0.76
0.8,0.78
0.8,0.8
0.8,0.82
0.8,0.84
0.8,0.86
0.8,0.88
0.845,-0.9
0.845,-0.88
0.845,-0.86
0.845,-0.84
0.845,-0.82
0.845,-0.8
0.845,-0.78
0.845,-0.76
0.845,-0.74
0.845,-0.72
0.845,-0.7
0.845,-0.68
0.845,-0.66
0.845,-0.64
0.845,-0.62
0.845,-0.6
0.845,-0.58
0.845,-0.56
0.845,-0.54
0.845,-0.52
0.845,-0.5
0.845,-0.48
0.845,-0.46
0.845,-0.44
0.845,-0.42
0.845,-0.4
0.845,-0.38
0.845,-0.36
0.845,-0.34
0.845,-0.32
0.845,-0.3
0.845,-0.28
0.845,-0.26
0.845,-0.24
0.845,-0.22
0.845,-0.2
0.845,-0.18
0.845,-0.16
0.845,-0.14
0.845,-0.12
0.845,-0.1
0.845,0.1
0.845,0.12
0.845,0.14
0.845,0.16
0.845,0.18
0.845,0.2
0.845,0.22
0.845,0.24
0.845,0.26
0.845,0.28
0.845,0.3
0.845,0.32
0.845,0.34
0.845,0.36
0.845,0.38
0.845,0.4
0.845,0.42
0.845,0.44
0.845,0.46
0.845,0.48
0.845,0.5
0.845,0.52
0.845,0.54
0.845,0.56
0.845,0.58
0.845,0.6
0.845,0.62
0.845,0.64
0.845,0.66
0.845,0.68
0.845,0.7
0.845,0.72
0.845,0.74
0.845,0.76
0.845,0.78
0.845,0.8
0.845,0.82
0.845,0.84
0.845,0.86
0.845,0.88
0.89,-0.9
0.89,-0.88
0.89,-0.86
0.89,-0.84
0.89,-0.82
0.89,-0.8
0.89,-0.78
0.89,-0.76
0.89,-0.74
0.89,-0.72
0.89,-0.7
0.89,-0.68
0.89,-0.66
0.89,-0.64
0.89,-0.62
0.89,-0.6
0.89,-0.58
0.89,-0.56
0.89,-0.54
0.89,-0.52
0.89,-0.5
0.89,-0.48
0.89,-0.46
0.89,-0.44
0.89,-0.42
0.89,-0.4
0.89,-0.38
0.89,-0.36
0.89,-0.34
0.89,-0.32
0.89,-0.3
0.89,-0.28
0.89,-0.26
0.89,-0.24
0.89,-0.22
0.89,-0.2
0.89,-0.18
0.89,-0.16
0.89,-0.14
0.89,-0.12
0.89,-0.1
0.89,0.1
0.89,0.12
0.89,0.14
0.89,0.16
0.89,0.18
0.89,0.2
0.89,0.22
0.89,0.24
0.89,0.26
0.89,0.28
0.89,0.3
0.89,0.32
0.89,0.34
0.89,0.36
0.89,0.38
0.89,0.4
0.89,0.42
0.89,0.44
0.89,0.46
0.89,0.48
0.89,0.5
0.89,0.52
0.89,0.54
0.89,0.56
0.89,0.58
0.89,0.6
0.89,0.62
0.89,0.64
0.89,0.66
0.89,0.68
0.89,0.7
0.89,0.72
0.89,0.74
0.89,0.76
0.89,0.78
0.89,0.8
0.89,0.82
0.89,0.84
0.89,0.86
0.89,0.88
0.935,-0.9
0.935,-0.88
0.935,-0.86
0.935,-0.84
0.935,-0.82
0.935,-0.8
0.935,-0.78
0.935,-0.76
0.935,-0.74
0.935,-0.72
0.935,-0.7
0.935,-0.68
0.935,-0.66
0.935,-0.64
0.935,-0.62
0.935,-0.6
0.935,-0.58
0.935,-0.56
0.935,-0.54
0.935,-0.52
0.935,-0.5
0.935,-0.48
0.935,-0.46
0.935,-0.44
0.935,-0.42
0.935,-0.4
0.935,-0.38
0.935,-0.36
0.935,-0.34
0.935,-0.32
0.935,-0.3
0.935,-0.28
0.935,-0.26
0.935,-0.24
0.935,-0.22
0.935,-0.2
0.935,-0.18
0.935,-0.16
0.935,-0.14
0.935,-0.12
0.935,-0.1
0.935,0.1
0.935,0.12
0.935,0.14
0.935,0.16
0.935,0.18
0.935,0.2
0.935,0.22
0.935,0.24
0.935,0.26
0.935,0.28
0.935,0.3
0.935,0.32
0.935,0.34
0.935,0.36
0.935,0.38
0.935,0.4
0.935,0.42
0.935,0.44
0.935,0.46
0.935,0.48
0.935,0.5
0.935,0.52
0.935,0.54
0.935,0.56
0.935,0.58
0.935,0.6
0.935,0.62
0.935,0.64
0.935,0.66
0.935,0.68
0.935,0.7
0.935,0.72
0.935,0.74
0.935,0.76
0.935,0.78
0.935,0.8
0.935,0.82
0.935,0.84
0.935,0.86
0.935,0.88
0.98,-0.9
0.98,-0.88
0.98,-0.86
0.98,-0.84
0.98,-0.82
0.98,-0.8
0.98,-0.78
0.98,-0.76
0.98,-0.74
0.98,-0.72
0.98,-0.7
0.98,-0.68
0.98,-0.66
0.98,-0.64
0.98,-0.62
0.98,-0.6
0.98,-0.58
0.98,-0.56
0.98,-0.54
0.98,-0.52
0.98,-0.5
0.98,-0.48
0.98,-0.46
0.98,-0.44
0.98,-0.42
0.98,-0.4
0.98,-0.38
0.98,-0.36
0.98,-0.34
0.98,-0.32
0.98,-0.3
0.98,-0.28
0.98,-0.26
0.98,-0.24
0.98,-0.22
0.98,-0.2
0.98,-0.18
0.98,-0.16
0.98,-0.14
0.98,-0.12
0.98,-0.1
0.98,0.1
0.98,0.12
0.98,0.14
0.98,0.16
0.98,0.18
0.98,0.2
0.98,0.22
0.98,0.24
0.98,0.26
0.98,0.28
0.98,0.3
0.98,0.32
0.98,0.34
0.98,0.36
0.98,0.38
0.98,0.4
0.98,0.42
0.98,0.44
0.98,0.46
0.98,0.48
0.98,0.5
0.98,0.52
0.98,0.54
0.98,0.56
0.98,0.58
0.98,0.6
0.98,0.62
0.98,0.64
0.98,0.66
0.98,0.68
0.98,0.7
0.98,0.72
0.98,0.74
0.98,0.76
0.98,0.78
0.98,0.8
0.98,0.82
0.98,0.84
0.98,0.86
0.98,0.88
1.025,-0.9
1.025,-0.88
1.025,-0.86
1.025,-0.84
1.025,-0.82
1.025,-0.8
1.025,-0.78
1.025,-0.76
1.025,-0.74
1.025,-0.72
1.025,-0.7
1.025,-0.68
1.025,-0.66
1.025,-0.64
1.025,-0.62
1.025,-0.6
1.025,-0.58
1.025,-0.56
1.025,-0.54
1.025,-0.52
1.025,-0.5
1.025,-0.48
1.025,-0.46
1.025,-0.44
1.025,-0.42
1.025,-0.4
1.025,-0.38
1.025,-0.36
1.025,-0.34
1.025,-0.32
1.025,-0.3
1.025,-0.28
1.025,-0.26
1.025,-0.24
1.025,-0.22
1.025,-0.2
1.025,-0.18
1.025,-0.16
1.025,-0.14
1.025,-0.12
1.025,-0.1
1.025,0.1
1.025,0.12
1.025,0.14
1.025,0.16
1.025,0.18
1.025,0.2
1.025,0.22
1.025,0.24
1.025,0.26
1.025,0.28
1.025,0.3
1.025,0.32
1.025,0.34
1.025,0.36
1.025,0.38
1.025,0.4
1.025,0.42
1.025,0.44
1.025,0.46
1.025,0.48
1.025,0.5
1.025,0.52
1.025,0.54
1.025,0.56
1.025,0.58
1.025,0.6
1.025,0.62
1.025,0.64
1.025,0.66
1.025,0.68
1.025,0.7
1.025,0.72
1.025,0.74
1.025,0.76
1.025,0.78
1.025,0.8
1.025,0.82
1.025,0.84
1.025,0.86
1.025,0.88
1.07,-0.9
1.07,-0.88
1.07,-0.86
1.07,-0.84
1.07,-0.82
1.07,-0.8
1.07,-0.78
1.07,-0.76
1.07,-0.74
1.07,-0.72
1.07,-0.7
1.07,-0.68
1.07,-0.66
1.07,-0.64
1.07,-0.62
1.07,-0.6
1.07,-0.58
1.07,-0.56
1.07,-0.54
1.07,-0.52
1.07,-0.5
1.07,-0.48
1.07,-0.46
1.07,-0.44
1.07,-0.42
1.07,-0.4
1.07,-0.38
1.07,-0.36
1.07,-0.34
1.07,-0.32
1.07,-0.3
1.07,-0.28
1.07,-0.26
1.07,-0.24
1.07,-0.22
1.07,-0.2
1.07,-0.18
1.07,-0.16
1.07,-0.14
1.07,-0.12
1.07,-0.1
1.07,0.1
1.07,0.12
1.07,0.14
1.07,0.16
1.07,0.18
1.07,0.2
1.07,0.22
1.07,0.24
1.07,0.26
1.07,0.28
1.07,0.3
1.07,0.32
1.07,0.34
1.07,0.36
1.07,0.38
1.07,0.4
1.07,0.42
1.07,0.44
1.07,0.46
1.07,0.48
1.07,0.5
1.07,0.52
1.07,0.54
1.07,0.56
1.07,0.58
1.07,0.6
1.07,0.62
1.07,0.64
1.07,0.66
1.07,0.68
1.07,0.7
1.07,0.72
1.07,0.74
1.07,0.76
1.07,0.78
1.07,0.8
1.07,0.82
1.07,0.84
1.07,0.86
1.07,0.88
1.115,-0.9
1.115,-0.88
1.115,-0.86
1.115,-0.84
1.115,-0.82
1.115,-0.8
1.115,-0.78
1.115,-0.76
1.115,-0.74
1.115,-0.72
1.115,-0.7
1.115,-0.68
1.115,-0.66
1.115,-0.64
1.115,-0.62
1.115,-0.6
1.115,-0.58
1.115,-0.56
1.115,-0.54
1.115,-0.52
1.115,-0.5
1.115,-0.48
1.115,-0.46
1.115,-0.44
1.115,-0.42
1.115,-0.4
1.115,-0.38
1.115,-0.36
1.115,-0.34
1.115,-0.32
1.115,-0.3
1.115,-0.28
1.115,-0.26
1.115,-0.24
1.115,-0.22
1.115,-0.2
1.115,-0.18
1.115,-0.16
1.115,-0.14
1.115,-0.12
1.115,-0.1
1.115,0.1
1.115,0.12
1.115,0.14
1.115,0.16
1.115,0.18
1.115,0.2
1.115,0.22
1.115,0.24
1.115,0.26
1.115,0.28
1.115,0.3
1.115,0.32
1.115,0.34
1.115,0.36
1.115,0.38
1.115,0.4
1.115,0.42
1.115,0.44
1.115,0.46
1.115,0.48
1.115,0.5
1.115,0.52
1.115,0.54
1.115,0.56
1.115,0.58
1.115,0.6
1.115,0.62
1.115,0.64
1.115,0.66
1.115,0.68
1.115,0.7
1.115,0.72
1.115,0.74
1.115,0.76
1.115,0.78
1.115,0.8
1.115,0.82
1.115,0.84
1.115,0.86
1.115,0.88
1.16,-0.9
1.16,-0.88
1.16,-0.86
1.16,-0.84
1.16,-0.82
1.16,-0.8
1.16,-0.78
1.16,-0.76
1.16,-0.74
1.16,-0.72
1.16,-0.7
1.16,-0.68
1.16,-0.66
1.16,-0.64
1.16,-0.62
1.16,-0.6
1.16,-0.58
1.16,-0.56
1.16,-0.54
1.16,-0.52
1.16,-0.5
1.16,-0.48
1.16,-0.46
1.16,-0.44
1.16,-0.42
1.16,-0.4
1.16,-0.38
1.16,-0.36
1.16,-0.34
1.16,-0.32
1.16,-0.3
1.16,-0.28
1.16,-0.26
1.16,-0.24
1.16,-0.22
1.16,-0.2
1.16,-0.18
1.16,-0.16
1.16,-0.14
1.16,-0.12
1.16,-0.1
1.16,0.1
1.16,0.12
1.16,0.14
1.16,0.16
1.16,0.18
1.16,0.2
1.16,0.22
1.16,0.24
1.16,0.26
1.16,0.28
1.16,0.3
1.16,0.32
1.16,0.34
1.16,0.36
1.16,0.38
1.16,0.4
1.16,0.42
1.16,0.44
1.16,0.46
1.16,0.48
1.16,0.5
1.16,0.52
1.16,0.54
1.16,0.56
1.16,0.58
1.16,0.6
1.16,0.62
1.16,0.64
1.16,0.66
1.16,0.68
1.16,0.7
1.16,0.72
1.16,0.74
1.16,0.76
1.16,0.78
1.16,0.8
1.16,0.82
1.16,0.84
1.16,0.86
1.16,0.88
1.205,-0.9
1.205,-0.88
1.205,-0.86
1.205,-0.84
1.205,-0.82
1.205,-0.8
1.205,-0.78
1.205,-0.76
1.205,-0.74
1.205,-0.72
1.205,-0.7
1.205,-0.68
1.205,-0.66
1.205,-0.64
1.205,-0.62
1.205,-0.6
1.205,-0.58
1.205,-0.56
1.205,-0.54
1.205,-0.52
1.205,-0.5
1.205,-0.48
1.205,-0.46
1.205,-0.44
1.205,-0.42
1.205,-0.4
1.205,-0.38
1.205,-0.36
1.205,-0.34
1.205,-0.32
1.205,-0.3
1.205,-0.28
1.205,-0.26
1.205,-0.24
1.205,-0.22
1.205,-0.2
1.205,-0.18
1.205,-0.16
1.205,-0.14
1.205,-0.12
1.205,-0.1
1.205,0.1
1.205,0.12
1.205,0.14
1.205,0.16
1.205,0.18
1.205,0.2
1.205,0.22
1.205,0.24
1.205,0.26
1.205,0.28
1.205,0.3
1.205,0.32
1.205,0.34
1.205,0.36
1.205,0.38
1.205,0.4
1.205,0.42
1.205,0.44
1.205,0.46
1.205,0.48
1.205,0.5
1.205,0.52
1.205,0.54
1.205,0.56
1.205,0.58
1.205,0.6
1.205,0.62
1.205,0.64
1.205,0.66
1.205,0.68
1.205,0.7
1.205,0.72
1.205,0.74
1.205,0.76
1.205,0.78
1.205,0.8
1.205,0.82
1.205,0.84
1.205,0.86
1.205,0.88
1.25,-0.9
1.25,-0.88
1.25,-0.86
1.25,-0.84
1.25,-0.82
1.25,-0.8
1.25,-0.78
1.25,-0.76
1.25,-0.74
1.25,-0.72
1.25,-0.7
1.25,-0.68
1.25,-0.66
1.25,-0.64
1.25,-0.62
1.25,-0.6
1.25,-0.58
1.25,-0.56
1.25,-0.54
1.25,-0.52
1.25,-0.5
1.25,-0.48
1.25,-0.46
1.25,-0.44
1.25,-0.42
1.25,-0.4
1.25,-0.38
1.25,-0.36
1.25,-0.34
1.25,-0.32
1.25,-0.3
1.25,-0.28
1.25,-0.26
1.25,-0.24
1.25,-0.22
1.25,-0.2
1.25,-0.18
1.25,-0.16
1.25,-0.14
1.25,-0.12
1.25,-0.1
1.25,0.1
1.25,0.12
1.25,0.14
1.25,0.16
1.25,0.18
1.25,0.2
1.25,0.22
1.25,0.24
1.25,0.26
1.25,0.28
1.25,0.3
1.25,0.32
1.25,0.34
1.25,0.36
1.25,0.38
1.25,0.4
1.25,0.42
1.25,0.44
1.25,0.46
1.25,0.48
1.25,0.5
1.25,0.52
1.25,0.54
1.25,0.56
1.25,0.58
1.25,0.6
1.25,0.62
1.25,0.64
1.25,0.66
1.25,0.68
1.25,0.7
1.25,0.72
1.25,0.74
1.25,0.76
1.25,0.78
1.25,0.8
1.25,0.82
1.25,0.84
1.25,0.86
1.25,0.88
1.295,-0.9
1.295,-0.88
1.295,-0.86
1.295,-0.84
1.295,-0.82
1.295,-0.8
1.295,-0.78
1.295,-0.76
1.295,-0.74
1.295,-0.72
1.295,-0.7
1.295,-0.68
1.295,-0.66
1.295,-0.64
1.295,-0.62
1.295,-0.6
1.295,-0.58
1.295,-0.56
1.295,-0.54
1.295,-0.52
1.295,-0.5
1.295,-0.48
1.295,-0.46
1.295,-0.44
1.295,-0.42
1.295,-0.4
1.295,-0.38
1.295,-0.36
1.295,-0.34
1.295,-0.32
1.295,-0.3
1.295,-0.28
1.295,-0.26
1.295,-0.24
1.295,-0.22
1.295,-0.2
1.295,-0.18
1.295,-0.16
1.295,-0.14
1.295,-0.12
1.295,-0.1
1.295,0.1
1.295,0.12
1.295,0.14
1.295,0.16
1.295,0.18
1.295,0.2
1.295,0.22
1.295,0.24
1.295,0.26
1.295,0.28
1.295,0.3
1.295,0.32
1.295,0.34
1.295,0.36
1.295,0.38
1.295,0.4
1.295,0.42
1.295,0.44
1.295,0.46
1.295,0.48
1.295,0.5
1.295,0.52
1.295,0.54
1.295,0.56
1.295,0.58
1.295,0.6
1.295,0.62
1.295,0.64
1.295,0.66
1.295,0.68
1.295,0.7
1.295,0.72
1.295,0.74
1.295,0.76
1.295,0.78
1.295,0.8
1.295,0.82
1.295,0.84
1.295,0.86
1.295,0.88
1.34,-0.9
1.34,-0.88
1.34,-0.86
1.34,-0.84
1.34,-0.82
1.34,-0.8
1.34,-0.78
1.34,-0.76
1.34,-0.74
1.34,-0.72
1.34,-0.7
1.34,-0.68
1.34,-0.66
1.34,-0.64
1.34,-0.62
1.34,-0.6
1.34,-0.58
1.34,-0.56
1.34,-0.54
1.34,-0.52
1.34,-0.5
1.34,-0.48
1.34,-0.46
1.34,-0.44
1.34,-0.42
1.34,-0.4
1.34,-0.38
1.34,-0.36
1.34,-0.34
1.34,-0.32
1.34,-0.3
1.34,-0.28
1.34,-0.26
1.34,-0.24
1.34,-0.22
1.34,-0.2
1.34,-0.18
1.34,-0.16
1.34,-0.14
1.34,-0.12
1.34,-0.1
1.34,0.1
1.34,0.12
1.34,0.14
1.34,0.16
1.34,0.18
1.34,0.2
1.34,0.22
1.34,0.24
1.34,0.26
1.34,0.28
1.34,0.3
1.34,0.32
1.34,0.34
1.34,0.36
1.34,0.38
1.34,0.4
1.34,0.42
1.34,0.44
1.34,0.46
1.34,0.48
1.34,0.5
1.34,0.52
1.34,0.54
1.34,0.56
1.34,0.58
1.34,0.6
1.34,0.62
1.34,0.64
1.34,0.66
1.34,0.68
1.34,0.7
1.34,0.72
1.34,0.74
1.34,0.76
1.34,0.78
1.34,0.8
1.34,0.82
1.34,0.84
1.34,0.86
1.34,0.88
1.385,-0.9
1.385,-0.88
1.385,-0.86
1.385,-0.84
1.385,-0.82
1.385,-0.8
1.385,-0.78
1.385,-0.76
1.385,-0.74
1.385,-0.72
1.385,-0.7
1.385,-0.68
1.385,-0.66
1.385,-0.64
1.385,-0.62
1.385,-0.6
1.385,-0.58
1.385,-0.56
1.385,-0.54
1.385,-0.52
1.385,-0.5
1.385,-0.48
1.385,-0.46
1.385,-0.44
1.385,-0.42
1.385,-0.4
1.385,-0.38
1.385,-0.36
1.385,-0.34
1.385,-0.32
1.385,-0.3
1.385,-0.28
1.385,-0.26
1.385,-0.24
1.385,-0.22
1.385,-0.2
1.385,-0.18
1.385,-0.16
1.385,-0.14
1.385,-0.12
1.385,-0.1
1.385,0.1
1.385,0.12
1.385,0.14
1.385,0.16
1.385,0.18
1.385,0.2
1.385,0.22
1.385,0.24
1.385,0.26
1.385,0.28
1.385,0.3
1.385,0.32
1.385,0.34
1.385,0.36
1.385,0.38
1.385,0.4
1.385,0.42
1.385,0.44
1.385,0.46
1.385,0.48
1.385,0.5
1.385,0.52
1.385,0.54
1.385,0.56
1.385,0.58
1.385,0.6
1.385,0.62
1.385,0.64
1.385,0.66
1.385,0.68
1.385,0.7
1.385,0.72
1.385,0.74
1.385,0.76
1.385,0.78
1.385,0.8
1.385,0.82
1.385,0.84
1.385,0.86
1.385,0.88
1.43,-0.9
1.43,-0.88
1.43,-0.86
1.43,-0.84
1.43,-0.82
1.43,-0.8
1.43,-0.78
1.43,-0.76
1.43,-0.74
1.43,-0.72
1.43,-0.7
1.43,-0.68
1.43,-0.66
1.43,-0.64
1.43,-0.62
1.43,-0.6
1.43,-0.58
1.43,-0.56
1.43,-0.54
1.43,-0.52
1.43,-0.5
1.43,-0.48
1.43,-0.46
1.43,-0.44
1.43,-0.42
1.43,-0.4
1.43,-0.38
1.43,-0.36
1.43,-0.34
1.43,-0.32
1.43,-0.3
1.43,-0.28
1.43,-0.26
1.43,-0.24
1.43,-0.22
1.43,-0.2
1.43,-0.18
1.43,-0.16
1.43,-0.14
1.43,-0.12
1.43,-0.1
1.43,0.1
1.43,0.12
1.43,0.14
1.43,0.16
1.43,0.18
1.43,0.2
1.43,0.22
1.43,0.24
1.43,0.26
1.43,0.28
1.43,0.3
1.43,0.32
1.43,0.34
1.43,0.36
1.43,0.38
1.43,0.4
1.43,0.42
1.43,0.44
1.43,0.46
1.43,0.48
1.43,0.5
1.43,0.52
1.43,0.54
1.43,0.56
1.43,0.58
1.43,0.6
1.43,0.62
1.43,0.64
1.43,0.66
1.43,0.68
1.43,0.7
1.43,0.72
1.43,0.74
1.43,0.76
1.43,0.78
1.43,0.8
1.43,0.82
1.43,0.84
1.43,0.86
1.43,0.88
1.475,-0.9
1.475,-0.88
1.475,-0.86
1.475,-0.84
1.475,-0.82
1.475,-0.8
1.475,-0.78
1.475,-0.76
1.475,-0.74
1.475,-0.72
1.475,-0.7
1.475,-0.68
1.475,-0.66
1.475,-0.64
1.475,-0.62
1.475,-0.6
1.475,-0.58
1.475,-0.56
1.475,-0.54
1.475,-0.52
1.475,-0.5
1.475,-0.48
1.475,-0.46
1.475,-0.44
1.475,-0.42
1.475,-0.4
1.475,-0.38
1.475,-0.36
1.475,-0.34
1.475,-0.32
1.475,-0.3
1.475,-0.28
1.475,-0.26
1.475,-0.24
1.475,-0.22
1.475,-0.2
1.475,-0.18
1.475,-0.16
1.475,-0.14
1.475,-0.12
1.475,-0.1
1.475,0.1
1.475,0.12
1.475,0.14
1.475,0.16
1.475,0.18
1.475,0.2
1.475,0.22
1.475,0.24
1.475,0.26
1.475,0.28
1.475,0.3
1.475,0.32
1.475,0.34
1.475,0.36
1.475,0.38
1.475,0.4
1.475,0.42
1.475,0.44
1.475,0.46
1.475,0.48
1.475,0.5
1.475,0.52
1.475,0.54
1.475,0.56
1.475,0.58
1.475,0.6
1.475,0.62
1.475,0.64
1.475,0.66
1.475,0.68
1.475,0.7
1.475,0.72
1.475,0.74
1.475,0.76
1.475,0.78
1.475,0.8
1.475,0.82
1.475,0.84
1.475,0.86
1.475,0.88
1.52,-0.9
1.52,-0.88
1.52,-0.86
1.52,-0.84
1.52,-0.82
1.52,-0.8
1.52,-0.78
1.52,-0.76
1.52,-0.74
1.52,-0.72
1.52,-0.7
1.52,-0.68
1.52,-0.66
1.52,-0.64
1.52,-0.62
1.52,-0.6
1.52,-0.58
1.52,-0.56
1.52,-0.54
1.52,-0.52
1.52,-0.5
1.52,-0.48
1.52,-0.46
1.52,-0.44
1.52,-0.42
1.52,-0.4
1.52,-0.38
1.52,-0.36
1.52,-0.34
1.52,-0.32
1.52,-0.3
1.52,-0.28
1.52,-0.26
1.52,-0.24
1.52,-0.22
1.52,-0.2
1.52,-0.18
1.52,-0.16
1.52,-0.14
1.52,-0.12
1.52,-0.1
1.52,0.1
1.52,0.12
1.52,0.14
1.52,0.16
1.52,0.18
1.52,0.2
1.52,0.22
1.52,0.24
1.52,0.26
1.52,0.28
1.52,0.3
1.52,0.32
1.52,0.34
1.52,0.36
1.52,0.38
1.52,0.4
1.52,0.42
1.52,0.44
1.52,0.46
1.52,0.48
1.52,0.5
1.52,0.52
1.52,0.54
1.52,0.56
1.52,0.58
1.52,0.6
1.52,0.62
1.52,0.64
1.52,0.66
1.52,0.68
1.52,0.7
1.52,0.72
1.52,0.74
1.52,0.76
1.52,0.78
1.52,0.8
1.52,0.82
1.52,0.84
1.52,0.86
1.52,0.88
1.565,-0.9
1.565,-0.88
1.565,-0.86
1.565,-0.84
1.565,-0.82
1.565,-0.8
1.565,-0.78
1.565,-0.76
1.565,-0.74
1.565,-0.72
1.565,-0.7
1.565,-0.68
1.565,-0.66
1.565,-0.64
1.565,-0.62
1.565,-0.6
1.565,-0.58
1.565,-0.56
1.565,-0.54
1.565,-0.52
1.565,-0.5
1.565,-0.48
1.565,-0.46
1.565,-0.44
1.565,-0.42
1.565,-0.4
1.565,-0.38
1.565,-0.36
1.565,-0.34
1.565,-0.32
1.565,-0.3
1.565,-0.28
1.565,-0.26
1.565,-0.24
1.565,-0.22
1.565,-0.2
1.565,-0.18
1.565,-0.16
1.565,-0.14
1.565,-0.12
1.565,-0.1
1.565,0.1
1.565,0.12
1.565,0.14
1.565,0.16
1.565,0.18
1.565,0.2
1.565,0.22
1.565,0.24
1.565,0.26
1.565,0.28
1.565,0.3
1.565,0.32
1.565,0.34
1.565,0.36
1.565,0.38
1.565,0.4
1.565,0.42
1.565,0.44
1.565,0.46
1.565,0.48
1.565,0.5
1.565,0.52
1.565,0.54
1.565,0.56
1.565,0.58
1.565,0.6
1.565,0.62
1.565,0.64
1.565,0.66
1.565,0.68
1.565,0.7
1.565,0.72
1.565,0.74
1.565,0.76
1.565,0.78
1.565,0.8
1.565,0.82
1.565,0.84
1.565,0.86
1.565,0.88
1.61,-0.9
1.61,-0.88
1.61,-0.86
1.61,-0.84
1.61,-0.82
1.61,-0.8
1.61,-0.78
1.61,-0.76
1.61,-0.74
1.61,-0.72
1.61,-0.7
1.61,-0.68
1.61,-0.66
1.61,-0.64
1.61,-0.62
1.61,-0.6
1.61,-0.58
1.61,-0.56
1.61,-0.54
1.61,-0.52
1.61,-0.5
1.61,-0.48
1.61,-0.46
1.61,-0.44
1.61,-0.42
1.61,-0.4
1.61,-0.38
1.61,-0.36
1.61,-0.34
1.61,-0.32
1.61,-0.3
1.61,-0.28
1.61,-0.26
1.61,-0.24
1.61,-0.22
1.61,-0.2
1.61,-0.18
1.61,-0.16
1.61,-0.14
1.61,-0.12
1.61,-0.1
1.61,0.1
1.61,0.12
1.61,0.14
1.61,0.16
1.61,0.18
1.61,0.2
1.61,0.22
1.61,0.24
1.61,0.26
1.61,0.28
1.61,0.3
1.61,0.32
1.61,0.34
1.61,0.36
1.61,0.38
1.61,0.4
1.61,0.42
1.61,0.44
1.61,0.46
1.61,0.48
1.61,0.5
1.61,0.52
1.61,0.54
1.61,0.56
1.61,0.58
1.61,0.6
1.61,0.62
1.61,0.64
1.61,0.66
1.61,0.68
1.61,0.7
1.61,0.72
1.61,0.74
1.61,0.76
1.61,0.78
1.61,0.8
1.61,0.82
1.61,0.84
1.61,0.86
1.61,0.88
1.655,-0.9
1.655,-0.88
1.655,-0.86
1.655,-0.84
1.655,-0.82
1.655,-0.8
1.655,-0.78
1.655,-0.76
1.655,-0.74
1.655,-0.72
1.655,-0.7
1.655,-0.68
1.655,-0.66
1.655,-0.64
1.655,-0.62
1.655,-0.6
1.655,-0.58
1.655,-0.56
1.655,-0.54
1.655,-0.52
1.655,-0.5
1.655,-0.48
1.655,-0.46
1.655,-0.44
1.655,-0.42
1.655,-0.4
1.655,-0.38
1.655,-0.36
1.655,-0.34
1.655,-0.32
1.655,-0.3
1.655,-0.28
1.655,-0.26
1.655,-0.24
1.655,-0.22
1.655,-0.2
1.655,-0.18
1.655,-0.16
1.655,-0.14
1.655,-0.12
1.655,-0.1
1.655,0.1
1.655,0.12
1.655,0.14
1.655,0.16
1.655,0.18
1.655,0.2
1.655,0.22
1.655,0.24
1.655,0.26
1.655,0.28
1.655,0.3
1.655,0.32
1.655,0.34
1.655,0.36
1.655,0.38
1.655,0.4
1.655,0.42
1.655,0.44
1.655,0.46
1.655,0.48
1.655,0.5
1.655,0.52
1.655,0.54
1.655,0.56
1.655,0.58
1.655,0.6
1.655,0.62
1.655,0.64
1.655,0.66
1.655,0.68
1.655,0.7
1.655,0.72
1.655,0.74
1.655,0.76
1.655,0.78
1.655,0.8
1.655,0.82
1.655,0.84
1.655,0.86
1.655,0.88
1.7,-0.9
1.7,-0.88
1.7,-0.86
1.7,-0.84
1.7,-0.82
1.7,-0.8
1.7,-0.78
1.7,-0.76
1.7,-0.74
1.7,-0.72
1.7,-0.7
1.7,-0.68
1.7,-0.66
1.7,-0.64
1.7,-0.62
1.7,-0.6
1.7,-0.58
1.7,-0.56
1.7,-0.54
1.7,-0.52
1.7,-0.5
1.7,-0.48
1.7,-0.46
1.7,-0.44
1.7,-0.42
1.7,-0.4
1.7,-0.38
1.7,-0.36
1.7,-0.34
1.7,-0.32
1.7,-0.3
1.7,-0.28
1.7,-0.26
1.7,-0.24
1.7,-0.22
1.7,-0.2
1.7,-0.18
1.7,-0.16
1.7,-0.14
1.7,-0.12
1.7,-0.1
1.7,0.1
1.7,0.12
1.7,0.14
1.7,0.16
1.7,0.18
1.7,0.2
1.7,0.22
1.7,0.24
1.7,0.26
1.7,0.28
1.7,0.3
1.7,0.32
1.7,0.34
1.7,0.36
1.7,0.38
1.7,0.4
1.7,0.42
1.7,0.44
1.7,0.46
1.7,0.48
1.7,0.5
1.7,0.52
1.7,0.54
1.7,0.56
1.7,0.58
1.7,0.6
1.7,0.62
1.7,0.64
1.7,0.66
1.7,0.68
1.7,0.7
1.7,0.72
1.7,0.74
1.7,0.76
1.7,0.78
1.7,0.8
1.7,0.82
1.7,0.84
1.7,0.86
1.7,0.88
1.745,-0.9
1.745,-0.88
1.745,-0.86
1.745,-0.84
1.745,-0.82
1.745,-0.8
1.745,-0.78
1.745,-0.76
1.745,-0.74
1.745,-0.72
1.745,-0.7
1.745,-0.68
1.745,-0.66
1.745,-0.64
1.745,-0.62
1.745,-0.6
1.745,-0.58
1.745,-0.56
1.745,-0.54
1.745,-0.52
1.745,-0.5
1.745,-0.48
1.745,-0.46
1.745,-0.44
1.745,-0.42
1.745,-0.4
1.745,-0.38
1.745,-0.36
1.745,-0.34
1.745,-0.32
1.745,-0.3
1.745,-0.28
1.745,-0.26
1.745,-0.24
1.745,-0.22
1.745,-0.2
1.745,-0.18
1.745,-0.16
1.745,-0.14
1.745,-0.12
1.745,-0.1
1.745,0.1
1.745,0.12
1.745,0.14
1.745,0.16
1.745,0.18
1.745,0.2
1.745,0.22
1.745,0.24
1.745,0.26
1.745,0.28
1.745,0.3
1.745,0.32
1.745,0.34
1.745,0.36
1.745,0.38
1.745,0.4
1.745,0.42
1.745,0.44
1.745,0.46
1.745,0.48
1.745,0.5
1.745,0.52
1.745,0.54
1.745,0.56
1.745,0.58
1.745,0.6
1.745,0.62
1.745,0.64
1.745,0.66
1.745,0.68
1.745,0.7
1.745,0.72
1.745,0.74
1.745,0.76
1.745,0.78
1.745,0.8
1.745,0.82
1.745,0.84
1.745,0.86
1.745,0.88
1.79,-0.9
1.79,-0.88
1.79,-0.86
1.79,-0.84
1.79,-0.82
1.79,-0.8
1.79,-0.78
1.79,-0.76
1.79,-0.74
1.79,-0.72
1.79,-0.7
1.79,-0.68
1.79,-0.66
1.79,-0.64
1.79,-0.62
1.79,-0.6
1.79,-0.58
1.79,-0.56
1.79,-0.54
1.79,-0.52
1.79,-0.5
1.79,-0.48
1.79,-0.46
1.79,-0.44
1.79,-0.42
1.79,-0.4
1.79,-0.38
1.79,-0.36
1.79,-0.34
1.79,-0.32
1.79,-0.3
1.79,-0.28
1.79,-0.26
1.79,-0.24
1.79,-0.22
1.79,-0.2
1.79,-0.18
1.79,-0.16
1.79,-0.14
1.79,-0.12
1.79,-0.1
1.79,0.1
1.79,0.12
1.79,0.14
1.79,0.16
1.79,0.18
1.79,0.2
1.79,0.22
1.79,0.24
1.79,0.26
1.79,0.28
1.79,0.3
1.79,0.32
1.79,0.34
1.79,0.36
1.79,0.38
1.79,0.4
1.79,0.42
1.79,0.44
1.79,0.46
1.79,0.48
1.79,0.5
1.79,0.52
1.79,0.54
1.79,0.56
1.79,0.58
1.79,0.6
1.79,0.62
1.79,0.64
1.79,0.66
1.79,0.68
1.79,0.7
1.79,0.72
1.79,0.74
1.79,0.76
1.79,0.78
1.79,0.8
1.79,0.82
1.79,0.84
1.79,0.86
1.79,0.88
1.835,-0.9
1.835,-0.88
1.835,-0.86
1.835,-0.84
1.835,-0.82
1.835,-0.8
1.835,-0.78
1.835,-0.76
1.835,-0.74
1.835,-0.72
1.835,-0.7
1.835,-0.68
1.835,-0.66
1.835,-0.64
1.835,-0.62
1.835,-0.6
1.835,-0.58
1.835,-0.56
1.835,-0.54
1.835,-0.52
1.835,-0.5
1.835,-0.48
1.835,-0.46
1.835,-0.44
1.835,-0.42
1.835,-0.4
1.835,-0.38
1.835,-0.36
1.835,-0.34
1.835,-0.32
1.835,-0.3
1.835,-0.28
1.835,-0.26
1.835,-0.24
1.835,-0.22
1.835,-0.2
1.835,-0.18
1.835,-0.16
1.835,-0.14
1.835,-0.12
1.835,-0.1
1.835,0.1
1.835,0.12
1.835,0.14
1.835,0.16
1.835,0.18
1.835,0.2
1.835,0.22
1.835,0.24
1.835,0.26
1.835,0.28
1.835,0.3
1.835,0.32
1.835,0.34
1.835,0.36
1.835,0.38
1.835,0.4
1.835,0.42
1.835,0.44
1.835,0.46
1.835,0.48
1.835,0.5
1.835,0.52
1.835,0.54
1.835,0.56
1.835,0.58
1.835,0.6
1.835,0.62
1.835,0.64
1.835,0.66
1.835,0.68
1.835,0.7
1.835,0.72
1.835,0.74
1.835,0.76
1.835,0.78
1.835,0.8
1.835,0.82
1.835,0.84
1.835,0.86
1.835,0.88
1.88,-0.9
1.88,-0.88
1.88,-0.86
1.88,-0.84
1.88,-0.82
1.88,-0.8
1.88,-0.78
1.88,-0.76
1.88,-0.74
1.88,-0.72
1.88,-0.7
1.88,-0.68
1.88,-0.66
1.88,-0.64
1.88,-0.62
1.88,-0.6
1.88,-0.58
1.88,-0.56
1.88,-0.54
1.88,-0.52
1.88,-0.5
1.88,-0.48
1.88,-0.46
1.88,-0.44
1.88,-0.42
1.88,-0.4
1.88,-0.38
1.88,-0.36
1.88,-0.34
1.88,-0.32
1.88,-0.3
1.88,-0.28
1.88,-0.26
1.88,-0.24
1.88,-0.22
1.88,-0.2
1.88,-0.18
1.88,-0.16
1.88,-0.14
1.88,-0.12
1.88,-0.1
1.88,0.1
1.88,0.12
1.88,0.14
1.88,0.16
1.88,0.18
1.88,0.2
1.88,0.22
1.88,0.24
1.88,0.26
1.88,0.28
1.88,0.3
1.88,0.32
1.88,0.34
1.88,0.36
1.88,0.38
1.88,0.4
1.88,0.42
1.88,0.44
1.88,0.46
1.88,0.48
1.88,0.5
1.88,0.52
1.88,0.54
1.88,0.56
1.88,0.58
1.88,0.6
1.88,0.62
1.88,0.64
1.88,0.66
1.88,0.68
1.88,0.7
1.88,0.72
1.88,0.74
1.88,0.76
1.88,0.78
1.88,0.8
1.88,0.82
1.88,0.84
1.88,0.86
1.88,0.88
1.925,-0.9
1.925,-0.88
1.925,-0.86
1.925,-0.84
1.925,-0.82
1.925,-0.8
1.925,-0.78
1.925,-0.76
1.925,-0.74
1.925,-0.72
1.925,-0.7
1.925,-0.68
1.925,-0.66
1.925,-0.64
1.925,-0.62
1.925,-0.6
1.925,-0.58
1.925,-0.56
1.925,-0.54
1.925,-0.52
1.925,-0.5
1.925,-0.48
1.925,-0.46
1.925,-0.44
1.925,-0.42
1.925,-0.4
1.925,-0.38
1.925,-0.36
1.925,-0.34
1.925,-0.32
1.925,-0.3
1.925,-0.28
1.925,-0.26
1.925,-0.24
1.925,-0.22
1.925,-0.2
1.925,-0.18
1.925,-0.16
1.925,-0.14
1.925,-0.12
1.925,-0.1
1.925,0.1
1.925,0.12
1.925,0.14
1.925,0.16
1.925,0.18
1.925,0.2
1.925,0.22
1.925,0.24
1.925,0.26
1.925,0.28
1.925,0.3
1.925,0.32
1.925,0.34
1.925,0.36
1.925,0.38
1.925,0.4
1.925,0.42
1.925,0.44
1.925,0.46
1.925,0.48
1.925,0.5
1.925,0.52
1.925,0.54
1.925,0.56
1.925,0.58
1.925,0.6
1.925,0.62
1.925,0.64
1.925,0.66
1.925,0.68
1.925,0.7
1.925,0.72
1.925,0.74
1.925,0.76
1.925,0.78
1.925,0.8
1.925,0.82
1.925,0.84
1.925,0.86
1.925,0.88
1.97,-0.9
1.97,-0.88
1.97,-0.86
1.97,-0.84
1.97,-0.82
1.97,-0.8
1.97,-0.78
1.97,-0.76
1.97,-0.74
1.97,-0.72
1.97,-0.7
1.97,-0.68
1.97,-0.66
1.97,-0.64
1.97,-0.62
1.97,-0.6
1.97,-0.58
1.97,-0.56
1.97,-0.54
1.97,-0.52
1.97,-0.5
1.97,-0.48
1.97,-0.46
1.97,-0.44
1.97,-0.42
1.97,-0.4
1.97,-0.38
1.97,-0.36
1.97,-0.34
1.97,-0.32
1.97,-0.3
1.97,-0.28
1.97,-0.26
1.97,-0.24
1.97,-0.22
1.97,-0.2
1.97,-0.18
1.97,-0.16
1.97,-0.14
1.97,-0.12
1.97,-0.1
1.97,0.1
1.97,0.12
1.97,0.14
1.97,0.16
1.97,0.18
1.97,0.2
1.97,0.22
1.97,0.24
1.97,0.26
1.97,0.28
1.97,0.3
1.97,0.32
1.97,0.34
1.97,0.36
1.97,0.38
1.97,0.4
1.97,0.42
1.97,0.44
1.97,0.46
1.97,0.48
1.97,0.5
1.97,0.52
1.97,0.54
1.97,0.56
1.97,0.58
1.97,0.6
1.97,0.62
1.97,0.64
1.97,0.66
1.97,0.68
1.97,0.7
1.97,0.72
1.97,0.74
1.97,0.76
1.97,0.78
1.97,0.8
1.97,0.82
1.97,0.84
1.97,0.86
1.97,0.88
2.015,-0.9
2.015,-0.88
2.015,-0.86
2.015,-0.84
2.015,-0.82
2.015,-0.8
2.015,-0.78
2.015,-0.76
2.015,-0.74
2.015,-0.72
2.015,-0.7
2.015,-0.68
2.015,-0.66
2.015,-0.64
2.015,-0.62
2.015,-0.6
2.015,-0.58
2.015,-0.56
2.015,-0.54
2.015,-0.52
2.015,-0.5
2.015,-0.48
2.015,-0.46
2.015,-0.44
2.015,-0.42
2.015,-0.4
2.015,-0.38
2.015,-0.36
2.015,-0.34
2.015,-0.32
2.015,-0.3
2.015,-0.28
2.015,-0.26
2.015,-0.24
2.015,-0.22
2.015,-0.2
2.015,-0.18
2.015,-0.16
2.015,-0.14
2.015,-0.12
2.015,-0.1
2.015,0.1
2.015,0.12
2.015,0.14
2.015,0.16
2.015,0.18
2.015,0.2
2.015,0.22
2.015,0.24
2.015,0.26
2.015,0.28
2.015,0.3
2.015,0.32
2.015,0.34
2.015,0.36
2.015,0.38
2.015,0.4
2.015,0.42
2.015,0.44
2.015,0.46
2.015,0.48
2.015,0.5
2.015,0.52
2.015,0.54
2.015,0.56
2.015,0.58
2.015,0.6
2.015,0.62
2.015,0.64
2.015,0.66
2.015,0.68
2.015,0.7
2.015,0.72
2.015,0.74
2.015,0.76
2.015,0.78
2.015,0.8
2.015,0.82
2.015,0.84
2.015,0.86
2.015,0.88
2.06,-0.9
2.06,-0.88
2.06,-0.86
2.06,-0.84
2.06,-0.82
2.06,-0.8
2.06,-0.78
2.06,-0.76
2.06,-0.74
2.06,-0.72
2.06,-0.7
2.06,-0.68
2.06,-0.66
2.06,-0.64
2.06,-0.62
2.06,-0.6
2.06,-0.58
2.06,-0.56
2.06,-0.54
2.06,-0.52
2.06,-0.5
2.06,-0.48
2.06,-0.46
2.06,-0.44
2.06,-0.42
2.06,-0.4
2.06,-0.38
2.06,-0.36
2.06,-0.34
2.06,-0.32
2.06,-0.3
2.06,-0.28
2.06,-0.26
2.06,-0.24
2.06,-0.22
2.06,-0.2
2.06,-0.18
2.06,-0.16
2.06,-0.14
2.06,-0.12
2.06,-0.1
2.06,0.1
2.06,0.12
2.06,0.14
2.06,0.16
2.06,0.18
2.06,0.2
2.06,0.22
2.06,0.24
2.06,0.26
2.06,0.28
2.06,0.3
2.06,0.32
2.06,0.34
2.06,0.36
2.06,0.38
2.06,0.4
2.06,0.42
2.06,0.44
2.06,0.46
2.06,0.48
2.06,0.5
2.06,0.52
2.06,0.54
2.06,0.56
2.06,0.58
2.06,0.6
2.06,0.62
2.06,0.64
2.06,0.66
2.06,0.68
2.06,0.7
2.06,0.72
2.06,0.74
2.06,0.76
2.06,0.78
2.06,0.8
2.06,0.82
2.06,0.84
2.06,0.86
2.06,0.88
2.105,-0.9
2.105,-0.88
2.105,-0.86
2.105,-0.84
2.105,-0.82
2.105,-0.8
2.105,-0.78
2.105,-0.76
2.105,-0.74
2.105,-0.72
2.105,-0.7
2.105,-0.68
2.105,-0.66
2.105,-0.64
2.105,-0.62
2.105,-0.6
2.105,-0.58
2.105,-0.56
2.105,-0.54
2.105,-0.52
2.105,-0.5
2.105,-0.48
2.105,-0.46
2.105,-0.44
2.105,-0.42
2.105,-0.4
2.105,-0.38
2.105,-0.36
2.105,-0.34
2.105,-0.32
2.105,-0.3
2.105,-0.28
2.105,-0.26
2.105,-0.24
2.105,-0.22
2.105,-0.2
2.105,-0.18
2.105,-0.16
2.105,-0.14
2.105,-0.12
2.105,-0.1
2.105,0.1
2.105,0.12
2.105,0.14
2.105,0.16
2.105,0.18
2.105,0.2
2.105,0.22
2.105,0.24
2.105,0.26
2.105,0.28
2.105,0.3
2.105,0.32
2.105,0.34
2.105,0.36
2.105,0.38
2.105,0.4
2.105,0.42
2.105,0.44
2.105,0.46
2.105,0.48
2.105,0.5
2.105,0.52
2.105,0.54
2.105,0.56
2.105,0.58
2.105,0.6
2.105,0.62
2.105,0.64
2.105,0.66
2.105,0.68
2.105,0.7
2.105,0.72
2.105,0.74
2.105,0.76
2.105,0.78
2.105,0.8
2.105,0.82
2.105,0.84
2.105,0.86
2.105,0.88
2.15,-0.9
2.15,-0.88
2.15,-0.86
2.15,-0.84
2.15,-0.82
2.15,-0.8
2.15,-0.78
2.15,-0.76
2.15,-0.74
2.15,-0.72
2.15,-0.7
2.15,-0.68
2.15,-0.66
2.15,-0.64
2.15,-0.62
2.15,-0.6
2.15,-0.58
2.15,-0.56
2.15,-0.54
2.15,-0.52
2.15,-0.5
2.15,-0.48
2.15,-0.46
2.15,-0.44
2.15,-0.42
2.15,-0.4
2.15,-0.38
2.15,-0.36
2.15,-0.34
2.15,-0.32
2.15,-0.3
2.15,-0.28
2.15,-0.26
2.15,-0.24
2.15,-0.22
2.15,-0.2
2.15,-0.18
2.15,-0.16
2.15,-0.14
2.15,-0.12
2.15,-0.1
2.15,0.1
2.15,0.12
2.15,0.14
2.15,0.16
2.15,0.18
2.15,0.2
2.15,0.22
2.15,0.24
2.15,0.26
2.15,0.28
2.15,0.3
2.15,0.32
2.15,0.34
2.15,0.36
2.15,0.38
2.15,0.4
2.15,0.42
2.15,0.44
2.15,0.46
2.15,0.48
2.15,0.5
2.15,0.52
2.15,0.54
2.15,0.56
2.15,0.58
2.15,0.6
2.15,0.62
2.15,0.64
2.15,0.66
2.15,0.68
2.15,0.7
2.15,0.72
2.15,0.74
2.15,0.76
2.15,0.78
2.15,0.8
2.15,0.82
2.15,0.84
2.15,0.86
2.15,0.88
2.195,-0.9
2.195,-0.88
2.195,-0.86
2.195,-0.84
2.195,-0.82
2.195,-0.8
2.195,-0.78
2.195,-0.76
2.195,-0.74
2.195,-0.72
2.195,-0.7
2.195,-0.68
2.195,-0.66
2.195,-0.64
2.195,-0.62
2.195,-0.6
2.195,-0.58
2.195,-0.56
2.195,-0.54
2.195,-0.52
2.195,-0.5
2.195,-0.48
2.195,-0.46
2.195,-0.44
2.195,-0.42
2.195,-0.4
2.195,-0.38
2.195,-0.36
2.195,-0.34
2.195,-0.32
2.195,-0.3
2.195,-0.28
2.195,-0.26
2.195,-0.24
2.195,-0.22
2.195,-0.2
2.195,-0.18
2.195,-0.16
2.195,-0.14
2.195,-0.12
2.195,-0.1
2.195,0.1
2.195,0.12
2.195,0.14
2.195,0.16
2.195,0.18
2.195,0.2
2.195,0.22
2.195,0.24
2.195,0.26
2.195,0.28
2.195,0.3
2.195,0.32
2.195,0.34
2.195,0.36
2.195,0.38
2.195,0.4
2.195,0.42
2.195,0.44
2.195,0.46
2.195,0.48
2.195,0.5
2.195,0.52
2.195,0.54
2.195,0.56
2.195,0.58
2.195,0.6
2.195,0.62
2.195,0.64
2.195,0.66
2.195,0.68
2.195,0.7
2.195,0.72
2.195,0.74
2.195,0.76
2.195,0.78
2.195,0.8
2.195,0.82
2.195,0.84
2.195,0.86
2.195,0.88
2.24,-0.9
2.24,-0.88
2.24,-0.86
2.24,-0.84
2.24,-0.82
2.24,-0.8
2.24,-0.78
2.24,-0.76
2.24,-0.74
2.24,-0.72
2.24,-0.7
2.24,-0.68
2.24,-0.66
2.24,-0.64
2.24,-0.62
2.24,-0.6
2.24,-0.58
2.24,-0.56
2.24,-0.54
2.24,-0.52
2.24,-0.5
2.24,-0.48
2.24,-0.46
2.24,-0.44
2.24,-0.42
2.24,-0.4
2.24,-0.38
2.24,-0.36
2.24,-0.34
2.24,-0.32
2.24,-0.3
2.24,-0.28
2.24,-0.26
2.24,-0.24
2.24,-0.22
2.24,-0.2
2.24,-0.18
2.24,-0.16
2.24,-0.14
2.24,-0.12
2.24,-0.1
2.24,0.1
2.24,0.12
2.24,0.14
2.24,0.16
2.24,0.18
2.24,0.2
2.24,0.22
2.24,0.24
2.24,0.26
2.24,0.28
2.24,0.3
2.24,0.32
2.24,0.34
2.24,0.36
2.24,0.38
2.24,0.4
2.24,0.42
2.24,0.44
2.24,0.46
2.24,0.48
2.24,0.5
2.24,0.52
2.24,0.54
2.24,0.56
2.24,0.58
2.24,0.6
2.24,0.62
2.24,0.64
2.24,0.66
2.24,0.68
2.24,0.7
2.24,0.72
2.24,0.74
2.24,0.76
2.24,0.78
2.24,0.8
2.24,0.82
2.24,0.84
2.24,0.86
2.24,0.88
2.285,-0.9
2.285,-0.88
2.285,-0.86
2.285,-0.84
2.285,-0.82
2.285,-0.8
2.285,-0.78
2.285,-0.76
2.285,-0.74
2.285,-0.72
2.285,-0.7
2.285,-0.68
2.285,-0.66
2.285,-0.64
2.285,-0.62
2.285,-0.6
2.285,-0.58
2.285,-0.56
2.285,-0.54
2.285,-0.52
2.285,-0.5
2.285,-0.48
2.285,-0.46
2.285,-0.44
2.285,-0.42
2.285,-0.4
2.285,-0.38
2.285,-0.36
2.285,-0.34
2.285,-0.32
2.285,-0.3
2.285,-0.28
2.285,-0.26
2.285,-0.24
2.285,-0.22
2.285,-0.2
2.285,-0.18
2.285,-0.16
2.285,-0.14
2.285,-0.12
2.285,-0.1
2.285,0.1
2.285,0.12
2.285,0.14
2.285,0.16
2.285,0.18
2.285,0.2
2.285,0.22
2.285,0.24
2.285,0.26
2.285,0.28
2.285,0.3
2.285,0.32
2.285,0.34
2.285,0.36
2.285,0.38
2.285,0.4
2.285,0.42
2.285,0.44
2.285,0.46
2.285,0.48
2.285,0.5
2.285,0.52
2.285,0.54
2.285,0.56
2.285,0.58
2.285,0.6
2.285,0.62
2.285,0.64
2.285,0.66
2.285,0.68
2.285,0.7
2.285,0.72
2.285,0.74
2.285,0.76
2.285,0.78
2.285,0.8
2.285,0.82
2.285,0.84
2.285,0.86
2.285,0.88
2.33,-0.9
2.33,-0.88
2.33,-0.86
2.33,-0.84
2.33,-0.82
2.33,-0.8
2.33,-0.78
2.33,-0.76
2.33,-0.74
2.33,-0.72
2.33,-0.7
2.33,-0.68
2.33,-0.66
2.33,-0.64
2.33,-0.62
2.33,-0.6
2.33,-0.58
2.33,-0.56
2.33,-0.54
2.33,-0.52
2.33,-0.5
2.33,-0.48
2.33,-0.46
2.33,-0.44
2.33,-0.42
2.33,-0.4
2.33,-0.38
2.33,-0.36
2.33,-0.34
2.33,-0.32
2.33,-0.3
2.33,-0.28
2.33,-0.26
2.33,-0.24
2.33,-0.22
2.33,-0.2
2.33,-0.18
2.33,-0.16
2.33,-0.14
2.33,-0.12
2.33,-0.1
2.33,0.1
2.33,0.12
2.33,0.14
2.33,0.16
2.33,0.18
2.33,0.2
2.33,0.22
2.33,0.24
2.33,0.26
2.33,0.28
2.33,0.3
2.33,0.32
2.33,0.34
2.33,0.36
2.33,0.38
2.33,0.4
2.33,0.42
2.33,0.44
2.33,0.46
2.33,0.48
2.33,0.5
2.33,0.52
2.33,0.54
2.33,0.56
2.33,0.58
2.33,0.6
2.33,0.62
2.33,0.64
2.33,0.66
2.33,0.68
2.33,0.7
2.33,0.72
2.33,0.74
2.33,0.76
2.33,0.78
2.33,0.8
2.33,0.82
2.33,0.84
2.33,0.86
2.33,0.88
2.375,-0.9
2.375,-0.88
2.375,-0.86
2.375,-0.84
2.375,-0.82
2.375,-0.8
2.375,-0.78
2.375,-0.76
2.375,-0.74
2.375,-0.72
2.375,-0.7
2.375,-0.68
2.375,-0.66
2.375,-0.64
2.375,-0.62
2.375,-0.6
2.375,-0.58
2.375,-0.56
2.375,-0.54
2.375,-0.52
2.375,-0.5
2.375,-0.48
2.375,-0.46
2.375,-0.44
2.375,-0.42
2.375,-0.4
2.375,-0.38
2.375,-0.36
2.375,-0.34
2.375,-0.32
2.375,-0.3
2.375,-0.28
2.375,-0.26
2.375,-0.24
2.375,-0.22
2.375,-0.2
2.375,-0.18
2.375,-0.16
2.375,-0.14
2.375,-0.12
2.375,-0.1
2.375,0.1
2.375,0.12
2.375,0.14
2.375,0.16
2.375,0.18
2.375,0.2
2.375,0.22
2.375,0.24
2.375,0.26
2.375,0.28
2.375,0.3
2.375,0.32
2.375,0.34
2.375,0.36
2.375,0.38
2.375,0.4
2.375,0.42
2.375,0.44
2.375,0.46
2.375,0.48
2.375,0.5
2.375,0.52
2.375,0.54
2.375,0.56
2.375,0.58
2.375,0.6
2.375,0.62
2.375,0.64
2.375,0.66
2.375,0.68
2.375,0.7
2.375,0.72
2.375,0.74
2.375,0.76
2.375,0.78
2.375,0.8
2.375,0.82
2.375,0.84
2.375,0.86
2.375,0.88
2.42,-0.9
2.42,-0.88
2.42,-0.86
2.42,-0.84
2.42,-0.82
2.42,-0.8
2.42,-0.78
2.42,-0.76
2.42,-0.74
2.42,-0.72
2.42,-0.7
2.42,-0.68
2.42,-0.66
2.42,-0.64
2.42,-0.62
2.42,-0.6
2.42,-0.58
2.42,-0.56
2.42,-0.54
2.42,-0.52
2.42,-0.5
2.42,-0.48
2.42,-0.46
2.42,-0.44
2.42,-0.42
2.42,-0.4
2.42,-0.38
2.42,-0.36
2.42,-0.34
2.42,-0.32
2.42,-0.3
2.42,-0.28
2.42,-0.26
2.42,-0.24
2.42,-0.22
2.42,-0.2
2.42,-0.18
2.42,-0.16
2.42,-0.14
2.42,-0.12
2.42,-0.1
2.42,0.1
2.42,0.12
2.42,0.14
2.42,0.16
2.42,0.18
2.42,0.2
2.42,0.22
2.42,0.24
2.42,0.26
2.42,0.28
2.42,0.3
2.42,0.32
2.42,0.34
2.42,0.36
2.42,0.38
2.42,0.4
2.42,0.42
2.42,0.44
2.42,0.46
2.42,0.48
2.42,0.5
2.42,0.52
2.42,0.54
2.42,0.56
2.42,0.58
2.42,0.6
2.42,0.62
2.42,0.64
2.42,0.66
2.42,0.68
2.42,0.7
2.42,0.72
2.42,0.74
2.42,0.76
2.42,0.78
2.42,0.8
2.42,0.82
2.42,0.84
2.42,0.86
2.42,0.88
2.465,-0.9
2.465,-0.88
2.465,-0.86
2.465,-0.84
2.465,-0.82
2.465,-0.8
2.465,-0.78
2.465,-0.76
2.465,-0.74
2.465,-0.72
2.465,-0.7
2.465,-0.68
2.465,-0.66
2.465,-0.64
2.465,-0.62
2.465,-0.6
2.465,-0.58
2.465,-0.56
2.465,-0.54
2.465,-0.52
2.465,-0.5
2.465,-0.48
2.465,-0.46
2.465,-0.44
2.465,-0.42
2.465,-0.4
2.465,-0.38
2.465,-0.36
2.465,-0.34
2.465,-0.32
2.465,-0.3
2.465,-0.28
2.465,-0.26
2.465,-0.24
2.465,-0.22
2.465,-0.2
2.465,-0.18
2.465,-0.16
2.465,-0.14
2.465,-0.12
2.465,-0.1
2.465,0.1
2.465,0.12
2.465,0.14
2.465,0.16
2.465,0.18
2.465,0.2
2.465,0.22
2.465,0.24
2.465,0.26
2.465,0.28
2.465,0.3
2.465,0.32
2.465,0.34
2.465,0.36
2.465,0.38
2.465,0.4
2.465,0.42
2.465,0.44
2.465,0.46
2.465,0.48
2.465,0.5
2.465,0.52
2.465,0.54
2.465,0.56
2.465,0.58
2.465,0.6
2.465,0.62
2.465,0.64
2.465,0.66
2.465,0.68
2.465,0.7
2.465,0.72
2.465,0.74
2.465,0.76
2.465,0.78
2.465,0.8
2.465,0.82
2.465,0.84
2.465,0.86
2.465,0.88
2.51,-0.9
2.51,-0.88
2.51,-0.86
2.51,-0.84
2.51,-0.82
2.51,-0.8
2.51,-0.78
2.51,-0.76
2.51,-0.74
2.51,-0.72
2.51,-0.7
2.51,-0.68
2.51,-0.66
2.51,-0.64
2.51,-0.62
2.51,-0.6
2.51,-0.58
2.51,-0.56
2.51,-0.54
2.51,-0.52
2.51,-0.5
2.51,-0.48
2.51,-0.46
2.51,-0.44
2.51,-0.42
2.51,-0.4
2.51,-0.38
2.51,-0.36
2.51,-0.34
2.51,-0.32
2.51,-0.3
2.51,-0.28
2.51,-0.26
2.51,-0.24
2.51,-0.22
2.51,-0.2
2.51,-0.18
2.51,-0.16
2.51,-0.14
2.51,-0.12
2.51,-0.1
2.51,0.1
2.51,0.12
2.51,0.14
2.51,0.16
2.51,0.18
2.51,0.2
2.51,0.22
2.51,0.24
2.51,0.26
2.51,0.28
2.51,0.3
2.51,0.32
2.51,0.34
2.51,0.36
2.51,0.38
2.51,0.4
2.51,0.42
2.51,0.44
2.51,0.46
2.51,0.48
2.51,0.5
2.51,0.52
2.51,0.54
2.51,0.56
2.51,0.58
2.51,0.6
2.51,0.62
2.51,0.64
2.51,0.66
2.51,0.68
2.51,0.7
2.51,0.72
2.51,0.74
2.51,0.76
2.51,0.78
2.51,0.8
2.51,0.82
2.51,0.84
2.51,0.86
2.51,0.88
2.555,-0.9
2.555,-0.88
2.555,-0.86
2.555,-0.84
2.555,-0.82
2.555,-0.8
2.555,-0.78
2.555,-0.76
2.555,-0.74
2.555,-0.72
2.555,-0.7
2.555,-0.68
2.555,-0.66
2.555,-0.64
2.555,-0.62
2.555,-0.6
2.555,-0.58
2.555,-0.56
2.555,-0.54
2.555,-0.52
2.555,-0.5
2.555,-0.48
2.555,-0.46
2.555,-0.44
2.555,-0.42
2.555,-0.4
2.555,-0.38
2.555,-0.36
2.555,-0.34
2.555,-0.32
2.555,-0.3
2.555,-0.28
2.555,-0.26
2.555,-0.24
2.555,-0.22
2.555,-0.2
2.555,-0.18
2.555,-0.16
2.555,-0.14
2.555,-0.12
2.555,-0.1
2.555,0.1
2.555,0.12
2.555,0.14
2.555,0.16
2.555,0.18
2.555,0.2
2.555,0.22
2.555,0.24
2.555,0.26
2.555,0.28
2.555,0.3
2.555,0.32
2.555,0.34
2.555,0.36
2.555,0.38
2.555,0.4
2.555,0.42
2.555,0.44
2.555,0.46
2.555,0.48
2.555,0.5
2.555,0.52
2.555,0.54
2.555,0.56
2.555,0.58
2.555,0.6
2.555,0.62
2.555,0.64
2.555,0.66
2.555,0.68
2.555,0.7
2.555,0.72
2.555,0.74
2.555,0.76
2.555,0.78
2.555,0.8
2.555,0.82
2.555,0.84
2.555,0.86
2.555,0.88
2.6,-0.9
2.6,-0.88
2.6,-0.86
2.6,-0.84
2.6,-0.82
2.6,-0.8
2.6,-0.78
2.6,-0.76
2.6,-0.74
2.6,-0.72
2.6,-0.7
2.6,-0.68
2.6,-0.66
2.6,-0.64
2.6,-0.62
2.6,-0.6
2.6,-0.58
2.6,-0.56
2.6,-0.54
2.6,-0.52
2.6,-0.5
2.6,-0.48
2.6,-0.46
2.6,-0.44
2.6,-0.42
2.6,-0.4
2.6,-0.38
2.6,-0.36
2.6,-0.34
2.6,-0.32
2.6,-0.3
2.6,-0.28
2.6,-0.26
2.6,-0.24
2.6,-0.22
2.6,-0.2
2.6,-0.18
2.6,-0.16
2.6,-0.14
2.6,-0.12
2.6,-0.1
2.6,0.1
2.6,0.12
2.6,0.14
2.6,0.16
2.6,0.18
2.6,0.2
2.6,0.22
2.6,0.24
2.6,0.26
2.6,0.28
2.6,0.3
2.6,0.32
2.6,0.34
2.6,0.36
2.6,0.38
2.6,0.4
2.6,0.42
2.6,0.44
2.6,0.46
2.6,0.48
2.6,0.5
2.6,0.52
2.6,0.54
2.6,0.56
2.6,0.58
2.6,0.6
2.6,0.62
2.6,0.64
2.6,0.66
2.6,0.68
2.6,0.7
2.6,0.72
2.6,0.74
2.6,0.76
2.6,0.78
2.6,0.8
2.6,0.82
2.6,0.84
2.6,0.86
2.6,0.88
2.645,-0.9
2.645,-0.88
2.645,-0.86
2.645,-0.84
2.645,-0.82
2.645,-0.8
2.645,-0.78
2.645,-0.76
2.645,-0.74
2.645,-0.72
2.645,-0.7
2.645,-0.68
2.645,-0.66
2.645,-0.64
2.645,-0.62
2.645,-0.6
2.645,-0.58
2.645,-0.56
2.645,-0.54
2.645,-0.52
2.645,-0.5
2.645,-0.48
2.645,-0.46
2.645,-0.44
2.645,-0.42
2.645,-0.4
2.645,-0.38
2.645,-0.36
2.645,-0.34
2.645,-0.32
2.645,-0.3
2.645,-0.28
2.645,-0.26
2.645,-0.24
2.645,-0.22
2.645,-0.2
2.645,-0.18
2.645,-0.16
2.645,-0.14
2.645,-0.12
2.645,-0.1
2.645,0.1
2.645,0.12
2.645,0.14
2.645,0.16
2.645,0.18
2.645,0.2
2.645,0.22
2.645,0.24
2.645,0.26
2.645,0.28
2.645,0.3
2.645,0.32
2.645,0.34
2.645,0.36
2.645,0.38
2.645,0.4
2.645,0.42
2.645,0.44
2.645,0.46
2.645,0.48
2.645,0.5
2.645,0.52
2.645,0.54
2.645,0.56
2.645,0.58
2.645,0.6
2.645,0.62
2.645,0.64
2.645,0.66
2.645,0.68
2.645,0.7
2.645,0.72
2.645,0.74
2.645,0.76
2.645,0.78
2.645,0.8
2.645,0.82
2.645,0.84
2.645,0.86
2.645,0.88
2.69,-0.9
2.69,-0.88
2.69,-0.86
2.69,-0.84
2.69,-0.82
2.69,-0.8
2.69,-0.78
2.69,-0.76
2.69,-0.74
2.69,-0.72
2.69,-0.7
2.69,-0.68
2.69,-0.66
2.69,-0.64
2.69,-0.62
2.69,-0.6
2.69,-0.58
2.69,-0.56
2.69,-0.54
2.69,-0.52
2.69,-0.5
2.69,-0.48
2.69,-0.46
2.69,-0.44
2.69,-0.42
2.69,-0.4
2.69,-0.38
2.69,-0.36
2.69,-0.34
2.69,-0.32
2.69,-0.3
2.69,-0.28
2.69,-0.26
2.69,-0.24
2.69,-0.22
2.69,-0.2
2.69,-0.18
2.69,-0.16
2.69,-0.14
2.69,-0.12
2.69,-0.1
2.69,0.1
2.69,0.12
2.69,0.14
2.69,0.16
2.69,0.18
2.69,0.2
2.69,0.22
2.69,0.24
2.69,0.26
2.69,0.28
2.69,0.3
2.69,0.32
2.69,0.34
2.69,0.36
2.69,0.38
2.69,0.4
2.69,0.42
2.69,0.44
2.69,0.46
2.69,0.48
2.69,0.5
2.69,0.52
2.69,0.54
2.69,0.56
2.69,0.58
2.69,0.6
2.69,0.62
2.69,0.64
2.69,0.66
2.69,0.68
2.69,0.7
2.69,0.72
2.69,0.74
2.69,0.76
2.69,0.78
2.69,0.8
2.69,0.82
2.69,0.84
2.69,0.86
2.69,0.88
2.735,-0.9
2.735,-0.88
2.735,-0.86
2.735,-0.84
2.735,-0.82
2.735,-0.8
2.735,-0.78
2.735,-0.76
2.735,-0.74
2.735,-0.72
2.735,-0.7
2.735,-0.68
2.735,-0.66
2.735,-0.64
2.735,-0.62
2.735,-0.6
2.735,-0.58
2.735,-0.56
2.735,-0.54
2.735,-0.52
2.735,-0.5
2.735,-0.48
2.735,-0.46
2.735,-0.44
2.735,-0.42
2.735,-0.4
2.735,-0.38
2.735,-0.36
2.735,-0.34
2.735,-0.32
2.735,-0.3
2.735,-0.28
2.735,-0.26
2.735,-0.24
2.735,-0.22
2.735,-0.2
2.735,-0.18
2.735,-0.16
2.735,-0.14
2.735,-0.12
2.735,-0.1
2.735,0.1
2.735,0.12
2.735,0.14
2.735,0.16
2.735,0.18
2.735,0.2
2.735,0.22
2.735,0.24
2.735,0.26
2.735,0.28
2.735,0.3
2.735,0.32
2.735,0.34
2.735,0.36
2.735,0.38
2.735,0.4
2.735,0.42
2.735,0.44
2.735,0.46
2.735,0.48
2.735,0.5
2.735,0.52
2.735,0.54
2.735,0.56
2.735,0.58
2.735,0.6
2.735,0.62
2.735,0.64
2.735,0.66
2.735,0.68
2.735,0.7
2.735,0.72
2.735,0.74
2.735,0.76
2.735,0.78
2.735,0.8
2.735,0.82
2.735,0.84
2.735,0.86
2.735,0.88
2.78,-0.9
2.78,-0.88
2.78,-0.86
2.78,-0.84
2.78,-0.82
2.78,-0.8
2.78,-0.78
2.78,-0.76
2.78,-0.74
2.78,-0.72
2.78,-0.7
2.78,-0.68
2.78,-0.66
2.78,-0.64
2.78,-0.62
2.78,-0.6
2.78,-0.58
2.78,-0.56
2.78,-0.54
2.78,-0.52
2.78,-0.5
2.78,-0.48
2.78,-0.46
2.78,-0.44
2.78,-0.42
2.78,-0.4
2.78,-0.38
2.78,-0.36
2.78,-0.34
2.78,-0.32
2.78,-0.3
2.78,-0.28
2.78,-0.26
2.78,-0.24
2.78,-0.22
2.78,-0.2
2.78,-0.18
2.78,-0.16
2.78,-0.14
2.78,-0.12
2.78,-0.1
2.78,0.1
2.78,0.12
2.78,0.14
2.78,0.16
2.78,0.18
2.78,0.2
2.78,0.22
2.78,0.24
2.78,0.26
2.78,0.28
2.78,0.3
2.78,0.32
2.78,0.34
2.78,0.36
2.78,0.38
2.78,0.4
2.78,0.42
2.78,0.44
2.78,0.46
2.78,0.48
2.78,0.5
2.78,0.52
2.78,0.54
2.78,0.56
2.78,0.58
2.78,0.6
2.78,0.62
2.78,0.64
2.78,0.66
2.78,0.68
2.78,0.7
2.78,0.72
2.78,0.74
2.78,0.76
2.78,0.78
2.78,0.8
2.78,0.82
2.78,0.84
2.78,0.86
2.78,0.88
2.825,-0.9
2.825,-0.88
2.825,-0.86
2.825,-0.84
2.825,-0.82
2.825,-0.8
2.825,-0.78
2.825,-0.76
2.825,-0.74
2.825,-0.72
2.825,-0.7
2.825,-0.68
2.825,-0.66
2.825,-0.64
2.825,-0.62
2.825,-0.6
2.825,-0.58
2.825,-0.56
2.825,-0.54
2.825,-0.52
2.825,-0.5
2.825,-0.48
2.825,-0.46
2.825,-0.44
2.825,-0.42
2.825,-0.4
2.825,-0.38
2.825,-0.36
2.825,-0.34
2.825,-0.32
2.825,-0.3
2.825,-0.28
2.825,-0.26
2.825,-0.24
2.825,-0.22
2.825,-0.2
2.825,-0.18
2.825,-0.16
2.825,-0.14
2.825,-0.12
2.825,-0.1
2.825,0.1
2.825,0.12
2.825,0.14
2.825,0.16
2.825,0.18
2.825,0.2
2.825,0.22
2.825,0.24
2.825,0.26
2.825,0.28
2.825,0.3
2.825,0.32
2.825,0.34
2.825,0.36
2.825,0.38
2.825,0.4
2.825,0.42
2.825,0.44
2.825,0.46
2.825,0.48
2.825,0.5
2.825,0.52
2.825,0.54
2.825,0.56
2.825,0.58
2.825,0.6
2.825,0.62
2.825,0.64
2.825,0.66
2.825,0.68
2.825,0.7
2.825,0.72
2.825,0.74
2.825,0.76
2.825,0.78
2.825,0.8
2.825,0.82
2.825,0.84
2.825,0.86
2.825,0.88
2.87,-0.9
2.87,-0.88
2.87,-0.86
2.87,-0.84
2.87,-0.82
2.87,-0.8
2.87,-0.78
2.87,-0.76
2.87,-0.74
2.87,-0.72
2.87,-0.7
2.87,-0.68
2.87,-0.66
2.87,-0.64
2.87,-0.62
2.87,-0.6
2.87,-0.58
2.87,-0.56
2.87,-0.54
2.87,-0.52
2.87,-0.5
2.87,-0.48
2.87,-0.46
2.87,-0.44
2.87,-0.42
2.87,-0.4
2.87,-0.38
2.87,-0.36
2.87,-0.34
2.87,-0.32
2.87,-0.3
2.87,-0.28
2.87,-0.26
2.87,-0.24
2.87,-0.22
2.87,-0.2
2.87,-0.18
2.87,-0.16
2.87,-0.14
2.87,-0.12
2.87,-0.1
2.87,0.1
2.87,0.12
2.87,0.14
2.87,0.16
2.87,0.18
2.87,0.2
2.87,0.22
2.87,0.24
2.87,0.26
2.87,0.28
2.87,0.3
2.87,0.32
2.87,0.34
2.87,0.36
2.87,0.38
2.87,0.4
2.87,0.42
2.87,0.44
2.87,0.46
2.87,0.48
2.87,0.5
2.87,0.52
2.87,0.54
2.87,0.56
2.87,0.58
2.87,0.6
2.87,0.62
2.87,0.64
2.87,0.66
2.87,0.68
2.87,0.7
2.87,0.72
2.87,0.74
2.87,0.76
2.87,0.78
2.87,0.8
2.87,0.82
2.87,0.84
2.87,0.86
2.87,0.88
2.915,-0.9
2.915,-0.88
2.915,-0.86
2.915,-0.84
2.915,-0.82
2.915,-0.8
2.915,-0.78
2.915,-0.76
2.915,-0.74
2.915,-0.72
2.915,-0.7
2.915,-0.68
2.915,-0.66
2.915,-0.64
2.915,-0.62
2.915,-0.6
2.915,-0.58
2.915,-0.56
2.915,-0.54
2.915,-0.52
2.915,-0.5
2.915,-0.48
2.915,-0.46
2.915,-0.44
2.915,-0.42
2.915,-0.4
2.915,-0.38
2.915,-0.36
2.915,-0.34
2.915,-0.32
2.915,-0.3
2.915,-0.28
2.915,-0.26
2.915,-0.24
2.915,-0.22
2.915,-0.2
2.915,-0.18
2.915,-0.16
2.915,-0.14
2.915,-0.12
2.915,-0.1
2.915,0.1
2.915,0.12
2.915,0.14
2.915,0.16
2.915,0.18
2.915,0.2
2.915,0.22
2.915,0.24
2.915,0.26
2.915,0.28
2.915,0.3
2.915,0.32
2.915,0.34
2.915,0.36
2.915,0.38
2.915,0.4
2.915,0.42
2.915,0.44
2.915,0.46
2.915,0.48
2.915,0.5
2.915,0.52
2.915,0.54
2.915,0.56
2.915,0.58
2.915,0.6
2.915,0.62
2.915,0.64
2.915,0.66
2.915,0.68
2.915,0.7
2.915,0.72
2.915,0.74
2.915,0.76
2.915,0.78
2.915,0.8
2.915,0.82
2.915,0.84
2.915,0.86
2.915,0.88
2.96,-0.9
2.96,-0.88
2.96,-0.86
2.96,-0.84
2.96,-0.82
2.96,-0.8
2.96,-0.78
2.96,-0.76
2.96,-0.74
2.96,-0.72
2.96,-0.7
2.96,-0.68
2.96,-0.66
2.96,-0.64
2.96,-0.62
2.96,-0.6
2.96,-0.58
2.96,-0.56
2.96,-0.54
2.96,-0.52
2.96,-0.5
2.96,-0.48
2.96,-0.46
2.96,-0.44
2.96,-0.42
2.96,-0.4
2.96,-0.38
2.96,-0.36
2.96,-0.34
2.96,-0.32
2.96,-0.3
2.96,-0.28
2.96,-0.26
2.96,-0.24
2.96,-0.22
2.96,-0.2
2.96,-0.18
2.96,-0.16
2.96,-0.14
2.96,-0.12
2.96,-0.1
2.96,0.1
2.96,0.12
2.96,0.14
2.96,0.16
2.96,0.18
2.96,0.2
2.96,0.22
2.96,0.24
2.96,0.26
2.96,0.28
2.96,0.3
2.96,0.32
2.96,0.34
2.96,0.36
2.96,0.38
2.96,0.4
2.96,0.42
2.96,0.44
2.96,0.46
2.96,0.48
2.96,0.5
2.96,0.52
2.96,0.54
2.96,0.56
2.96,0.58
2.96,0.6
2.96,0.62
2.96,0.64
2.96,0.66
2.96,0.68
2.96,0.7
2.96,0.72
2.96,0.74
2.96,0.76
2.96,0.78
2.96,0.8
2.96,0.82
2.96,0.84
2.96,0.86
2.96,0.88
3.005,-0.88
3.005,-0.86
3.005,-0.84
3.005,-0.82
3.005,-0.8
3.005,-0.78
3.005,-0.76
3.005,-0.74
3.005,-0.72
3.005,-0.7
3.005,-0.68
3.005,-0.66
3.005,-0.64
3.005,-0.62
3.005,-0.6
3.005,-0.58
3.005,-0.56
3.005,-0.54
3.005,-0.52
3.005,-0.5
3.005,-0.48
3.005,-0.46
3.005,-0.44
3.005,-0.42
3.005,-0.4
3.005,-0.38
3.005,-0.36
3.005,-0.34
3.005,-0.32
3.005,-0.3
3.005,-0.28
3.005,-0.26
3.005,-0.24
3.005,-0.22
3.005,-0.2
3.005,-0.18
3.005,-0.16
3.005,-0.14
3.005,-0.12
3.005,0.12
3.005,0.14
3.005,0.16
3.005,0.18
3.005,0.2
3.005,0.22
3.005,0.24
3.005,0.26
3.005,0.28
3.005,0.3
3.005,0.32
3.005,0.34
3.005,0.36
3.005,0.38
3.005,0.4
3.005,0.42
3.005,0.44
3.005,0.46
3.005,0.48
3.005,0.5
3.005,0.52
3.005,0.54
3.005,0.56
3.005,0.58
3.005,0.6
3.005,0.62
3.005,0.64
3.005,0.66
3.005,0.68
3.005,0.7
3.005,0.72
3.005,0.74
3.005,0.76
3.005,0.78
3.005,0.8
3.005,0.82
3.005,0.84
3.005,0.86
3.005,0.88
3.05,-0.88
3.05,-0.86
3.05,-0.84
3.05,-0.82
3.05,-0.8
3.05,-0.78
3.05,-0.76
3.05,-0.74
3.05,-0.72
3.05,-0.7
3.05,-0.68
3.05,-0.66
3.05,-0.64
3.05,-0.62
3.05,-0.6
3.05,-0.58
3.05,-0.56
3.05,-0.54
3.05,-0.52
3.05,-0.5
3.05,-0.48
3.05,-0.46
3.05,-0.44
3.05,-0.42
3.05,-0.4
3.05,-0.38
3.05,-0.36
3.05,-0.34
3.05,-0.32
3.05,-0.3
3.05,-0.28
3.05,-0.26
3.05,-0.24
3.05,-0.22
3.05,-0.2
3.05,-0.18
3.05,-0.16
3.05,-0.14
3.05,-0.12
3.05,0.12
3.05,0.14
3.05,0.16
3.05,0.18
3.05,0.2
3.05,0.22
3.05,0.24
3.05,0.26
3.05,0.28
3.05,0.3
3.05,0.32
3.05,0.34
3.05,0.36
3.05,0.38
3.05,0.4
3.05,0.42
3.05,0.44
3.05,0.46
3.05,0.48
3.05,0.5
3.05,0.52
3.05,0.54
3.05,0.56
3.05,0.58
3.05,0.6
3.05,0.62
3.05,0.64
3.05,0.66
3.05,0.68
3.05,0.7
3.05,0.72
3.05,0.74
3.05,0.76
3.05,0.78
3.05,0.8
3.05,0.82
3.05,0.84
3.05,0.86
3.05,0.88
3.095,-0.88
3.095,-0.86
3.095,-0.84
3.095,-0.82
3.095,-0.8
3.095,-0.78
3.095,-0.76
3.095,-0.74
3.095,-0.72
3.095,-0.7
3.095,-0.68
3.095,-0.66
3.095,-0.64
3.095,-0.62
3.095,-0.6
3.095,-0.58
3.095,-0.56
3.095,-0.54
3.095,-0.52
3.095,-0.5
3.095,-0.48
3.095,-0.46
3.095,-0.44
3.095,-0.42
3.095,-0.4
3.095,-0.38
3.095,-0.36
3.095,-0.34
3.095,-0.32
3.095,-0.3
3.095,-0.28
3.095,-0.26
3.095,-0.24
3.095,-0.22
3.095,-0.2
3.095,-0.18
3.095,-0.16
3.095,-0.14
3.095,-0.12
3.095,0.12
3.095,0.14
3.095,0.16
3.095,0.18
3.095,0.2
3.095,0.22
3.095,0.24
3.095,0.26
3.095,0.28
3.095,0.3
3.095,0.32
3.095,0.34
3.095,0.36
3.095,0.38
3.095,0.4
3.095,0.42
3.095,0.44
3.095,0.46
3.095,0.48
3.095,0.5
3.095,0.52
3.095,0.54
3.095,0.56
3.095,0.58
3.095,0.6
3.095,0.62
3.095,0.64
3.095,0.66
3.095,0.68
3.095,0.7
3.095,0.72
3.095,0.74
3.095,0.76
3.095,0.78
3.095,0.8
3.095,0.82
3.095,0.84
3.095,0.86
3.095,0.88
3.14,-0.86
3.14,-0.84
3.14,-0.82
3.14,-0.8
3.14,-0.78
3.14,-0.76
3.14,-0.74
3.14,-0.72
3.14,-0.7
3.14,-0.68
3.14,-0.66
3.14,-0.64
3.14,-0.62
3.14,-0.6
3.14,-0.58
3.14,-0.56
3.14,-0.54
3.14,-0.52
3.14,-0.5
3.14,-0.48
3.14,-0.46
3.14,-0.44
3.14,-0.42
3.14,-0.4
3.14,-0.38
3.14,-0.36
3.14,-0.34
3.14,-0.32
3.14,-0.3
3.14,-0.28
3.14,-0.26
3.14,-0.24
3.14,-0.22
3.14,-0.2
3.14,-0.18
3.14,-0.16
3.14,-0.14
3.14,0.14
3.14,0.16
3.14,0.18
3.14,0.2
3.14,0.22
3.14,0.24
3.14,0.26
3.14,0.28
3.14,0.3
3.14,0.32
3.14,0.34
3.14,0.36
3.14,0.38
3.14,0.4
3.14,0.42
3.14,0.44
3.14,0.46
3.14,0.48
3.14,0.5
3.14,0.52
3.14,0.54
3.14,0.56
3.14,0.58
3.14,0.6
3.14,0.62
3.14,0.64
3.14,0.66
3.14,0.68
3.14,0.7
3.14,0.72
3.14,0.74
3.14,0.76
3.14,0.78
3.14,0.8
3.14,0.82
3.14,0.84
3.14,0.86
3.185,-0.84
3.185,-0.82
3.185,-0.8
3.185,-0.78
3.185,-0.76
3.185,-0.74
3.185,-0.72
3.185,-0.7
3.185,-0.68
3.185,-0.66
3.185,-0.64
3.185,-0.62
3.185,-0.6
3.185,-0.58
3.185,-0.56
3.185,-0.54
3.185,-0.52
3.185,-0.5
3.185,-0.48
3.185,-0.46
3.185,-0.44
3.185,-0.42
3.185,-0.4
3.185,-0.38
3.185,-0.36
3.185,-0.34
3.185,-0.32
3.185,-0.3
3.185,-0.28
3.185,-0.26
3.185,-0.24
3.185,-0.22
3.185,-0.2
3.185,-0.18
3.185,-0.16
3.185,0.16
3.185,0.18
3.185,0.2
3.185,0.22
3.185,0.24
3.185,0.26
3.185,0.28
3.185,0.3
3.185,0.32
3.185,0.34
3.185,0.36
3.185,0.38
3.185,0.4
3.185,0.42
3.185,0.44
3.185,0.46
3.185,0.48
3.185,0.5
3.185,0.52
3.185,0.54
3.185,0.56
3.185,0.58
3.185,0.6
3.185,0.62
3.185,0.64
3.185,0.66
3.185,0.68
3.185,0.7
3.185,0.72
3.185,0.74
3.185,0.76
3.185,0.78
3.185,0.8
3.185,0.82
3.185,0.84
3.23,-0.82
3.23,-0.8
3.23,-0.78
3.23,-0.76
3.23,-0.74
3.23,-0.72
3.23,-0.7
3.23,-0.68
3.23,-0.66
3.23,-0.64
3.23,-0.62
3.23,-0.6
3.23,-0.58
3.23,-0.56
3.23,-0.54
3.23,-0.52
3.23,-0.5
3.23,-0.48
3.23,-0.46
3.23,-0.44
3.23,-0.42
3.23,-0.4
3.23,-0.38
3.23,-0.36
3.23,-0.34
3.23,-0.32
3.23,-0.3
3.23,-0.28
3.23,-0.26
3.23,-0.24
3.23,-0.22
3.23,-0.2
3.23,-0.18
3.23,0.18
3.23,0.2
3.23,0.22
3.23,0.24
3.23,0.26
3.23,0.28
3.23,0.3
3.23,0.32
3.23,0.34
3.23,0.36
3.23,0.38
3.23,0.4
3.23,0.42
3.23,0.44
3.23,0.46
3.23,0.48
3.23,0.5
3.23,0.52
3.23,0.54
3.23,0.56
3.23,0.58
3.23,0.6
3.23,0.62
3.23,0.64
3.23,0.66
3.23,0.68
3.23,0.7
3.23,0.72
3.23,0.74
3.23,0.76
3.23,0.78
3.23,0.8
3.23,0.82
3.275,-0.78
3.275,-0.76
3.275,-0.74
3.275,-0.72
3.275,-0.7
3.275,-0.68
3.275,-0.66
3.275,-0.64
3.275,-0.62
3.275,-0.6
3.275,-0.58
3.275,-0.56
3.275,-0.54
3.275,-0.52
3.275,-0.5
3.275,-0.48
3.275,-0.46
3.275,-0.44
3.275,-0.42
3.275,-0.4
3.275,-0.38
3.275,-0.36
3.275,-0.34
3.275,-0.32
3.275,-0.3
3.275,-0.28
3.275,-0.26
3.275,-0.24
3.275,-0.22
3.275,0.22
3.275,0.24
3.275,0.26
3.275,0.28
3.275,0.3
3.275,0.32
3.275,0.34
3.275,0.36
3.275,0.38
3.275,0.4
3.275,0.42
3.275,0.44
3.275,0.46
3.275,0.48
3.275,0.5
3.275,0.52
3.275,0.54
3.275,0.56
3.275,0.58
3.275,0.6
3.275,0.62
3.275,0.64
3.275,0.66
3.275,0.68
3.275,0.7
3.275,0.72
3.275,0.74
3.275,0.76
3.275,0.78
3.32,-0.72
3.32,-0.7
3.32,-0.68
3.32,-0.66
3.32,-0.64
3.32,-0.62
3.32,-0.6
3.32,-0.58
3.32,-0.56
3.32,-0.54
3.32,-0.52
3.32,-0.5
3.32,-0.48
3.32,-0.46
3.32,-0.44
3.32,-0.42
3.32,-0.4
3.32,-0.38
3.32,-0.36
3.32,-0.34
3.32,-0.32
3.32,-0.3
3.32,-0.28
3.32,0.28
3.32,0.3
3.32,0.32
3.32,0.34
3.32,0.36
3.32,0.38
3.32,0.4
3.32,0.42
3.32,0.44
3.32,0.46
3.32,0.48
3.32,0.5
3.32,0.52
3.32,0.54
3.32,0.56
3.32,0.58
3.32,0.6
3.32,0.62
3.32,0.64
3.32,0.66
3.32,0.68
3.32,0.7
3.32,0.72
3.365,-0.66
3.365,-0.64
3.365,-0.62
3.365,-0.6
3.365,-0.58
3.365,-0.56
3.365,-0.54
3.365,-0.52
3.365,-0.5
3.365,-0.48
3.365,-0.46
3.365,-0.44
3.365,-0.42
3.365,-0.4
3.365,-0.38
3.365,-0.36
3.365,-0.34
3.365,0.34
3.365,0.36
3.365,0.38
3.365,0.4
3.365,0.42
3.365,0.44
3.365,0.46
3.365,0.48
3.365,0.5
3.365,0.52
3.365,0.54
3.365,0.56
3.365,0.58
3.365,0.6
3.365,0.62
3.365,0.64
3.365,0.66
